ID_Despacho,Fecha,CEDI,Categoria_Producto,Stock_Inicial,Demanda_Real,Tiempo_Despacho_Hrs,Desperdicio_Kg,Satisfaccion_SAT,Quiebre_Stock
TRX-1631,2025-12-30 22:48:58.680483,Soacha,Insumos_Pasteleria,928,920,0.8,0.0,4.6,No
TRX-1122,2025-12-30 22:48:58.680483,Soacha,Cafe_Empacado,540,226,1.2,0.0,4.6,No
TRX-1735,2025-12-30 22:48:58.680483,Soacha,Cafe_Empacado,303,476,4.8,0.0,2.6,Si
TRX-1474,2025-12-30 22:48:58.680483,Tenjo,Cafe_Empacado,687,614,0.7,0.0,4.7,No
TRX-1848,2025-12-30 22:48:58.680483,Tenjo,Lacteos_Frio,872,853,1.8,0.0,4.9,No
TRX-1660,2025-12-30 22:48:58.680483,Tenjo,Lacteos_Frio,967,1036,3.7,10.2,2.3,Si
TRX-1954,2025-12-30 22:48:58.680483,Soacha,Cafe_Empacado,650,883,4.0,0.0,1.6,Si
TRX-1436,2025-12-30 22:48:58.680483,Soacha,Insumos_Pasteleria,315,326,3.0,0.0,2.1,Si
TRX-1825,2025-12-30 22:48:58.680483,Soacha,Lacteos_Frio,611,344,1.3,0.0,5.0,No
TRX-1247,2025-12-31 22:48:58.680483,Tenjo,Lacteos_Frio,650,515,2.3,0.0,4.1,No
TRX-1193,2025-12-31 22:48:58.680483,Soacha,Cafe_Empacado,996,977,1.6,0.0,4.6,No
TRX-1480,2025-12-31 22:48:58.680483,Soacha,Lacteos_Frio,491,191,2.1,0.0,4.8,No
TRX-1064,2025-12-31 22:48:58.680483,Tenjo,Lacteos_Frio,804,820,5.4,9.0,1.6,Si
TRX-1018,2025-12-31 22:48:58.680483,Soacha,Cafe_Empacado,836,638,0.8,0.0,4.8,No
TRX-1664,2026-01-01 22:48:58.680483,Soacha,Lacteos_Frio,212,50,1.2,0.0,4.9,No
TRX-1866,2026-01-01 22:48:58.680483,Soacha,Cafe_Empacado,501,386,0.8,0.0,4.0,No
TRX-1219,2026-01-01 22:48:58.680483,Tenjo,Cafe_Empacado,618,431,1.4,0.0,4.7,No
TRX-1726,2026-01-01 22:48:58.680483,Tenjo,Cafe_Empacado,939,777,1.2,0.0,4.5,No
TRX-1167,2026-01-01 22:48:58.680483,Soacha,Cafe_Empacado,373,651,4.3,0.0,3.1,Si
TRX-1964,2026-01-01 22:48:58.680483,Soacha,Insumos_Pasteleria,745,516,2.1,0.0,4.7,No
TRX-1749,2026-01-01 22:48:58.680483,Tenjo,Lacteos_Frio,590,557,1.9,0.0,4.4,No
TRX-1476,2026-01-02 22:48:58.680483,Soacha,Cafe_Empacado,741,656,1.7,0.0,4.7,No
TRX-1913,2026-01-02 22:48:58.680483,Tenjo,Insumos_Pasteleria,444,422,1.1,0.0,4.2,No
TRX-1068,2026-01-02 22:48:58.680483,Soacha,Cafe_Empacado,749,671,1.1,0.0,5.0,No
TRX-1738,2026-01-02 22:48:58.680483,Soacha,Cafe_Empacado,994,901,1.4,0.0,4.2,No
TRX-1930,2026-01-02 22:48:58.680483,Tenjo,Cafe_Empacado,953,1014,4.5,0.0,1.3,Si
TRX-1314,2026-01-02 22:48:58.680483,Soacha,Lacteos_Frio,324,268,2.0,0.0,4.2,No
TRX-1818,2026-01-03 22:48:58.680483,Tenjo,Cafe_Empacado,538,370,1.5,0.0,4.6,No
TRX-1700,2026-01-03 22:48:58.680483,Soacha,Cafe_Empacado,317,336,4.2,0.0,2.8,Si
TRX-1402,2026-01-03 22:48:58.680483,Soacha,Insumos_Pasteleria,728,616,1.6,0.0,4.2,No
TRX-1123,2026-01-03 22:48:58.680483,Soacha,Insumos_Pasteleria,956,946,2.1,0.0,4.1,No
TRX-1598,2026-01-03 22:48:58.680483,Soacha,Lacteos_Frio,295,402,4.0,23.1,2.8,Si
TRX-1969,2026-01-03 22:48:58.680483,Tenjo,Lacteos_Frio,804,800,2.3,0.0,4.7,No
TRX-1103,2026-01-03 22:48:58.680483,Tenjo,Cafe_Empacado,640,495,1.6,0.0,4.9,No
TRX-1322,2026-01-04 22:48:58.680483,Tenjo,Insumos_Pasteleria,985,846,2.2,0.0,4.7,No
TRX-1927,2026-01-04 22:48:58.680483,Tenjo,Insumos_Pasteleria,386,273,1.0,0.0,4.9,No
TRX-1901,2026-01-04 22:48:58.680483,Soacha,Insumos_Pasteleria,218,72,1.0,0.0,4.7,No
TRX-1722,2026-01-04 22:48:58.680483,Soacha,Cafe_Empacado,735,658,1.1,0.0,4.4,No
TRX-1792,2026-01-04 22:48:58.680483,Tenjo,Cafe_Empacado,715,729,5.1,0.0,2.1,Si
TRX-1404,2026-01-04 22:48:58.680483,Tenjo,Lacteos_Frio,865,1009,3.2,14.0,2.9,Si
TRX-1241,2026-01-05 22:48:58.680483,Soacha,Cafe_Empacado,272,149,1.9,0.0,4.8,No
TRX-1865,2026-01-05 22:48:58.680483,Soacha,Cafe_Empacado,913,720,2.4,0.0,4.0,No
TRX-1589,2026-01-05 22:48:58.680483,Soacha,Insumos_Pasteleria,838,764,2.4,0.0,4.8,No
TRX-1056,2026-01-06 22:48:58.680483,Soacha,Lacteos_Frio,531,536,4.7,23.8,3.0,Si
TRX-1849,2026-01-06 22:48:58.680483,Soacha,Lacteos_Frio,621,645,4.5,16.2,1.9,Si
TRX-1894,2026-01-06 22:48:58.680483,Tenjo,Cafe_Empacado,289,198,2.2,0.0,4.3,No
TRX-1803,2026-01-06 22:48:58.680483,Soacha,Lacteos_Frio,739,740,3.7,8.9,1.2,Si
TRX-1303,2026-01-06 22:48:58.680483,Tenjo,Lacteos_Frio,629,452,1.0,0.0,4.4,No
TRX-1398,2026-01-06 22:48:58.680483,Tenjo,Cafe_Empacado,219,50,0.7,0.0,4.7,No
TRX-1373,2026-01-06 22:48:58.680483,Tenjo,Cafe_Empacado,961,724,2.2,0.0,4.1,No
TRX-1673,2026-01-06 22:48:58.680483,Soacha,Lacteos_Frio,365,205,2.5,0.0,4.6,No
TRX-1511,2026-01-06 22:48:58.680483,Soacha,Insumos_Pasteleria,244,145,1.8,0.0,5.0,No
TRX-1983,2026-01-07 22:48:58.680483,Soacha,Cafe_Empacado,884,680,1.5,0.0,4.4,No
TRX-1091,2026-01-07 22:48:58.680483,Soacha,Lacteos_Frio,864,809,1.0,0.0,4.3,No
TRX-1253,2026-01-07 22:48:58.680483,Soacha,Insumos_Pasteleria,222,208,0.6,0.0,4.3,No
TRX-1586,2026-01-07 22:48:58.680483,Tenjo,Cafe_Empacado,489,449,2.2,0.0,4.6,No
TRX-1557,2026-01-07 22:48:58.680483,Soacha,Cafe_Empacado,536,591,5.3,0.0,1.7,Si
TRX-1048,2026-01-07 22:48:58.680483,Soacha,Lacteos_Frio,927,665,1.8,0.0,4.5,No
TRX-1696,2026-01-08 22:48:58.680483,Tenjo,Cafe_Empacado,426,315,0.9,0.0,4.3,No
TRX-1968,2026-01-08 22:48:58.680483,Soacha,Insumos_Pasteleria,800,800,1.9,0.0,4.6,No
TRX-1466,2026-01-08 22:48:58.680483,Soacha,Cafe_Empacado,933,815,2.3,0.0,4.3,No
TRX-1235,2026-01-09 22:48:58.680483,Tenjo,Insumos_Pasteleria,306,50,1.6,0.0,4.3,No
TRX-1707,2026-01-09 22:48:58.680483,Soacha,Lacteos_Frio,757,785,5.1,10.9,2.1,Si
TRX-1108,2026-01-10 22:48:58.680483,Soacha,Cafe_Empacado,341,242,0.8,0.0,4.1,No
TRX-1752,2026-01-10 22:48:58.680483,Tenjo,Insumos_Pasteleria,864,897,5.1,0.0,1.8,Si
TRX-1504,2026-01-10 22:48:58.680483,Tenjo,Lacteos_Frio,274,199,2.0,0.0,4.9,No
TRX-1537,2026-01-10 22:48:58.680483,Soacha,Cafe_Empacado,831,735,2.5,0.0,4.8,No
TRX-1184,2026-01-10 22:48:58.680483,Soacha,Lacteos_Frio,283,437,4.7,20.7,3.1,Si
TRX-1827,2026-01-10 22:48:58.680483,Soacha,Lacteos_Frio,248,50,1.6,0.0,4.4,No
TRX-1494,2026-01-10 22:48:58.680483,Tenjo,Lacteos_Frio,746,679,1.2,0.0,4.8,No
TRX-1666,2026-01-10 22:48:58.680483,Tenjo,Lacteos_Frio,940,803,2.1,0.0,4.9,No
TRX-1539,2026-01-11 22:48:58.680483,Tenjo,Cafe_Empacado,226,50,1.4,0.0,4.1,No
TRX-1974,2026-01-11 22:48:58.680483,Tenjo,Cafe_Empacado,805,807,4.1,0.0,1.9,Si
TRX-1414,2026-01-11 22:48:58.680483,Soacha,Cafe_Empacado,616,609,2.0,0.0,4.7,No
TRX-1883,2026-01-11 22:48:58.680483,Tenjo,Cafe_Empacado,722,477,2.4,0.0,4.7,No
TRX-1143,2026-01-11 22:48:58.680483,Soacha,Cafe_Empacado,693,650,1.5,0.0,4.4,No
TRX-1365,2026-01-11 22:48:58.680483,Tenjo,Lacteos_Frio,708,646,1.8,0.0,4.0,No
TRX-1657,2026-01-12 22:48:58.680483,Soacha,Cafe_Empacado,502,306,1.0,0.0,5.0,No
TRX-1856,2026-01-12 22:48:58.680483,Tenjo,Lacteos_Frio,757,497,0.6,0.0,4.9,No
TRX-1862,2026-01-12 22:48:58.680483,Soacha,Cafe_Empacado,645,195,2.1,0.0,4.2,No
TRX-1047,2026-01-12 22:48:58.680483,Soacha,Lacteos_Frio,681,445,1.1,0.0,4.6,No
TRX-1073,2026-01-12 22:48:58.680483,Soacha,Insumos_Pasteleria,331,375,4.2,0.0,2.1,Si
TRX-1395,2026-01-13 22:48:58.680483,Tenjo,Cafe_Empacado,675,674,1.4,0.0,4.3,No
TRX-1076,2026-01-13 22:48:58.680483,Soacha,Insumos_Pasteleria,739,598,0.9,0.0,4.5,No
TRX-1003,2026-01-13 22:48:58.680483,Tenjo,Insumos_Pasteleria,464,145,1.6,0.0,4.2,No
TRX-1031,2026-01-13 22:48:58.680483,Tenjo,Lacteos_Frio,234,330,5.1,13.1,2.9,Si
TRX-1086,2026-01-13 22:48:58.680483,Tenjo,Lacteos_Frio,968,841,2.5,0.0,4.8,No
TRX-1873,2026-01-13 22:48:58.680483,Tenjo,Cafe_Empacado,627,693,3.9,0.0,2.1,Si
TRX-1128,2026-01-13 22:48:58.680483,Tenjo,Lacteos_Frio,581,506,2.4,0.0,4.1,No
TRX-1445,2026-01-14 22:48:58.680483,Soacha,Lacteos_Frio,900,967,4.4,6.3,1.6,Si
TRX-1668,2026-01-14 22:48:58.680483,Soacha,Cafe_Empacado,299,50,1.1,0.0,4.7,No
TRX-1477,2026-01-14 22:48:58.680483,Soacha,Cafe_Empacado,846,634,2.2,0.0,4.5,No
TRX-1352,2026-01-15 22:48:58.680483,Tenjo,Cafe_Empacado,732,737,4.7,0.0,3.2,Si
TRX-1982,2026-01-15 22:48:58.680483,Soacha,Cafe_Empacado,473,429,1.0,0.0,4.2,No
TRX-1788,2026-01-15 22:48:58.680483,Soacha,Insumos_Pasteleria,278,453,4.4,0.0,1.2,Si
TRX-1317,2026-01-15 22:48:58.680483,Tenjo,Lacteos_Frio,323,330,3.3,20.7,1.2,Si
TRX-1544,2026-01-15 22:48:58.680483,Tenjo,Cafe_Empacado,520,450,2.3,0.0,4.9,No
TRX-1877,2026-01-15 22:48:58.680483,Soacha,Lacteos_Frio,360,227,1.0,0.0,4.5,No
TRX-1043,2026-01-16 22:48:58.680483,Soacha,Cafe_Empacado,400,397,2.2,0.0,4.7,No
TRX-1336,2026-01-16 22:48:58.680483,Tenjo,Cafe_Empacado,364,210,0.7,0.0,5.0,No
TRX-1870,2026-01-16 22:48:58.680483,Soacha,Cafe_Empacado,717,825,4.1,0.0,1.8,Si
TRX-1423,2026-01-17 22:48:58.680483,Tenjo,Lacteos_Frio,664,341,1.0,0.0,4.4,No
TRX-1619,2026-01-17 22:48:58.680483,Soacha,Cafe_Empacado,340,50,2.2,0.0,4.4,No
TRX-1949,2026-01-17 22:48:58.680483,Tenjo,Cafe_Empacado,802,720,2.1,0.0,4.2,No
TRX-1614,2026-01-17 22:48:58.680483,Soacha,Cafe_Empacado,336,149,1.5,0.0,4.2,No
TRX-1551,2026-01-17 22:48:58.680483,Soacha,Cafe_Empacado,252,207,0.7,0.0,4.2,No
TRX-1950,2026-01-18 22:48:58.680483,Soacha,Lacteos_Frio,989,637,1.2,0.0,4.6,No
TRX-1653,2026-01-18 22:48:58.680483,Tenjo,Cafe_Empacado,503,476,0.7,0.0,4.1,No
TRX-1371,2026-01-18 22:48:58.680483,Tenjo,Insumos_Pasteleria,960,691,1.4,0.0,4.0,No
TRX-1817,2026-01-19 22:48:58.680483,Soacha,Cafe_Empacado,500,259,1.1,0.0,4.3,No
TRX-1040,2026-01-19 22:48:58.680483,Soacha,Cafe_Empacado,503,377,1.9,0.0,4.5,No
TRX-1910,2026-01-19 22:48:58.680483,Tenjo,Lacteos_Frio,553,634,5.1,17.0,1.2,Si
TRX-1306,2026-01-19 22:48:58.680483,Soacha,Insumos_Pasteleria,433,668,3.8,0.0,1.3,Si
TRX-1525,2026-01-19 22:48:58.680483,Soacha,Lacteos_Frio,387,100,2.2,0.0,4.9,No
TRX-1286,2026-01-19 22:48:58.680483,Tenjo,Cafe_Empacado,827,894,3.8,0.0,1.3,Si
TRX-1023,2026-01-19 22:48:58.680483,Tenjo,Cafe_Empacado,454,307,0.7,0.0,4.9,No
TRX-1006,2026-01-19 22:48:58.680483,Tenjo,Cafe_Empacado,575,202,1.5,0.0,4.2,No
TRX-1447,2026-01-20 22:48:58.680483,Tenjo,Lacteos_Frio,919,653,1.4,0.0,4.3,No
TRX-1298,2026-01-20 22:48:58.680483,Tenjo,Cafe_Empacado,274,398,4.8,0.0,2.1,Si
TRX-1822,2026-01-20 22:48:58.680483,Soacha,Cafe_Empacado,655,474,0.7,0.0,4.1,No
TRX-1026,2026-01-20 22:48:58.680483,Soacha,Insumos_Pasteleria,676,560,2.0,0.0,4.8,No
TRX-1429,2026-01-21 22:48:58.680483,Soacha,Cafe_Empacado,950,1063,3.2,0.0,2.1,Si
TRX-1727,2026-01-21 22:48:58.680483,Soacha,Lacteos_Frio,577,539,1.3,0.0,4.7,No
TRX-1540,2026-01-21 22:48:58.680483,Soacha,Cafe_Empacado,829,662,1.0,0.0,4.5,No
TRX-1465,2026-01-21 22:48:58.680483,Tenjo,Lacteos_Frio,256,50,1.9,0.0,4.7,No
TRX-1081,2026-01-22 22:48:58.680483,Soacha,Lacteos_Frio,691,424,1.4,0.0,4.3,No
TRX-1209,2026-01-22 22:48:58.680483,Tenjo,Cafe_Empacado,828,861,4.5,0.0,2.2,Si
TRX-1343,2026-01-22 22:48:58.680483,Tenjo,Insumos_Pasteleria,753,640,1.9,0.0,4.9,No
TRX-1478,2026-01-22 22:48:58.680483,Soacha,Lacteos_Frio,778,790,3.8,7.8,1.7,Si
TRX-1326,2026-01-22 22:48:58.680483,Soacha,Cafe_Empacado,276,313,5.0,0.0,1.2,Si
TRX-1881,2026-01-23 22:48:58.680483,Soacha,Cafe_Empacado,532,474,1.7,0.0,4.7,No
TRX-1568,2026-01-23 22:48:58.680483,Soacha,Insumos_Pasteleria,859,762,2.4,0.0,4.9,No
TRX-1807,2026-01-23 22:48:58.680483,Soacha,Cafe_Empacado,770,627,1.3,0.0,4.6,No
TRX-1884,2026-01-23 22:48:58.680483,Soacha,Lacteos_Frio,867,744,2.3,0.0,4.9,No
TRX-1337,2026-01-23 22:48:58.680483,Tenjo,Insumos_Pasteleria,688,770,4.8,0.0,1.3,Si
TRX-1836,2026-01-24 22:48:58.680483,Soacha,Cafe_Empacado,358,199,0.7,0.0,4.1,No
TRX-1709,2026-01-24 22:48:58.680483,Soacha,Cafe_Empacado,876,646,2.0,0.0,4.6,No
TRX-1846,2026-01-24 22:48:58.680483,Soacha,Insumos_Pasteleria,447,370,0.6,0.0,4.8,No
TRX-1903,2026-01-24 22:48:58.680483,Soacha,Cafe_Empacado,353,93,0.7,0.0,4.7,No
TRX-1940,2026-01-24 22:48:58.680483,Tenjo,Lacteos_Frio,355,277,0.7,0.0,4.5,No
TRX-1360,2026-01-24 22:48:58.680483,Tenjo,Lacteos_Frio,836,902,4.8,17.2,1.6,Si
TRX-1713,2026-01-25 22:48:58.680483,Tenjo,Lacteos_Frio,597,584,1.5,0.0,5.0,No
TRX-1304,2026-01-25 22:48:58.680483,Soacha,Lacteos_Frio,562,370,0.7,0.0,4.4,No
TRX-1126,2026-01-25 22:48:58.680483,Tenjo,Lacteos_Frio,817,902,4.3,7.2,1.8,Si
TRX-1596,2026-01-25 22:48:58.680483,Soacha,Cafe_Empacado,353,380,4.3,0.0,1.9,Si
TRX-1305,2026-01-25 22:48:58.680483,Soacha,Lacteos_Frio,647,388,1.0,0.0,4.5,No
TRX-1164,2026-01-25 22:48:58.680483,Soacha,Lacteos_Frio,652,844,3.5,14.9,2.5,Si
TRX-1309,2026-01-26 22:48:58.680483,Tenjo,Cafe_Empacado,324,513,4.6,0.0,2.7,Si
TRX-1681,2026-01-26 22:48:58.680483,Tenjo,Insumos_Pasteleria,975,889,2.1,0.0,4.7,No
TRX-1154,2026-01-26 22:48:58.680483,Soacha,Cafe_Empacado,783,666,0.8,0.0,4.8,No
TRX-1153,2026-01-26 22:48:58.680483,Tenjo,Cafe_Empacado,531,271,0.9,0.0,4.3,No
TRX-1558,2026-01-26 22:48:58.680483,Tenjo,Insumos_Pasteleria,382,276,0.6,0.0,4.0,No
TRX-1857,2026-01-26 22:48:58.680483,Soacha,Lacteos_Frio,652,527,0.7,0.0,4.1,No
TRX-1147,2026-01-26 22:48:58.680483,Tenjo,Lacteos_Frio,757,1025,3.2,24.9,1.9,Si
TRX-1105,2026-01-26 22:48:58.680483,Soacha,Insumos_Pasteleria,820,871,3.2,0.0,1.5,Si
TRX-1875,2026-01-26 22:48:58.680483,Soacha,Cafe_Empacado,434,250,1.6,0.0,4.4,No
TRX-1502,2026-01-27 22:48:58.680483,Tenjo,Cafe_Empacado,613,457,1.5,0.0,4.6,No
TRX-1599,2026-01-27 22:48:58.680483,Soacha,Cafe_Empacado,925,1105,5.0,0.0,1.6,Si
TRX-1454,2026-01-27 22:48:58.680483,Soacha,Insumos_Pasteleria,765,540,1.4,0.0,4.6,No
TRX-1783,2026-01-27 22:48:58.680483,Soacha,Cafe_Empacado,356,322,1.7,0.0,4.8,No
TRX-1141,2026-01-27 22:48:58.680483,Tenjo,Cafe_Empacado,903,839,2.4,0.0,4.2,No
TRX-1543,2026-01-28 22:48:58.680483,Tenjo,Insumos_Pasteleria,764,514,1.9,0.0,4.0,No
TRX-1771,2026-01-28 22:48:58.680483,Tenjo,Cafe_Empacado,975,897,0.6,0.0,4.4,No
TRX-1778,2026-01-28 22:48:58.680483,Soacha,Cafe_Empacado,258,178,0.8,0.0,4.7,No
TRX-1698,2026-01-28 22:48:58.680483,Tenjo,Cafe_Empacado,512,341,0.7,0.0,5.0,No
TRX-1307,2026-01-28 22:48:58.680483,Tenjo,Lacteos_Frio,762,869,4.9,24.1,1.7,Si
TRX-1158,2026-01-28 22:48:58.680483,Soacha,Cafe_Empacado,644,562,1.3,0.0,4.1,No
TRX-1923,2026-01-29 22:48:58.680483,Tenjo,Insumos_Pasteleria,805,757,2.4,0.0,4.6,No
TRX-1345,2026-01-30 22:48:58.680483,Soacha,Insumos_Pasteleria,615,585,2.0,0.0,4.7,No
TRX-1740,2026-01-30 22:48:58.680483,Tenjo,Insumos_Pasteleria,892,1076,4.3,0.0,2.1,Si
TRX-1381,2026-01-30 22:48:58.680483,Soacha,Cafe_Empacado,363,561,3.1,0.0,1.4,Si
TRX-1463,2026-01-31 22:48:58.680483,Soacha,Cafe_Empacado,895,1128,4.0,0.0,2.2,Si
TRX-1489,2026-01-31 22:48:58.680483,Soacha,Cafe_Empacado,327,50,2.1,0.0,4.4,No
TRX-1908,2026-01-31 22:48:58.680483,Soacha,Lacteos_Frio,770,519,2.2,0.0,4.3,No
TRX-1101,2026-01-31 22:48:58.680483,Tenjo,Lacteos_Frio,561,169,2.2,0.0,4.4,No
TRX-1110,2026-01-31 22:48:58.680483,Tenjo,Lacteos_Frio,631,501,1.1,0.0,4.1,No
TRX-1702,2026-01-31 22:48:58.680483,Tenjo,Cafe_Empacado,849,617,1.9,0.0,4.2,No
TRX-1294,2026-01-31 22:48:58.680483,Soacha,Insumos_Pasteleria,575,654,4.7,0.0,2.8,Si
TRX-1284,2026-01-31 22:48:58.680483,Soacha,Lacteos_Frio,591,726,4.3,24.4,2.6,Si
TRX-1830,2026-02-01 22:48:58.680483,Tenjo,Cafe_Empacado,301,161,2.2,0.0,5.0,No
TRX-1469,2026-02-01 22:48:58.680483,Tenjo,Cafe_Empacado,218,225,5.3,0.0,1.1,Si
TRX-1892,2026-02-01 22:48:58.680483,Tenjo,Lacteos_Frio,895,777,2.1,0.0,4.7,No
TRX-1437,2026-02-01 22:48:58.680483,Tenjo,Cafe_Empacado,536,525,1.8,0.0,5.0,No
TRX-1741,2026-02-01 22:48:58.680483,Soacha,Lacteos_Frio,881,814,1.7,0.0,4.9,No
TRX-1791,2026-02-01 22:48:58.680483,Soacha,Lacteos_Frio,417,379,1.5,0.0,4.4,No
TRX-1058,2026-02-02 22:48:58.680483,Tenjo,Cafe_Empacado,787,512,2.2,0.0,4.6,No
TRX-1508,2026-02-02 22:48:58.680483,Soacha,Cafe_Empacado,387,412,4.5,0.0,2.5,Si
TRX-1118,2026-02-02 22:48:58.680483,Tenjo,Cafe_Empacado,335,336,5.2,0.0,1.4,Si
TRX-1315,2026-02-02 22:48:58.680483,Soacha,Cafe_Empacado,748,585,1.5,0.0,4.7,No
TRX-1690,2026-02-02 22:48:58.680483,Soacha,Lacteos_Frio,637,432,1.2,0.0,4.7,No
TRX-1847,2026-02-03 22:48:58.680483,Tenjo,Lacteos_Frio,765,813,4.5,22.5,3.0,Si
TRX-1532,2026-02-03 22:48:58.680483,Soacha,Lacteos_Frio,707,593,0.7,0.0,4.9,No
TRX-1925,2026-02-03 22:48:58.680483,Soacha,Cafe_Empacado,238,50,1.9,0.0,4.8,No
TRX-1142,2026-02-03 22:48:58.680483,Tenjo,Insumos_Pasteleria,978,676,1.1,0.0,4.3,No
TRX-1369,2026-02-03 22:48:58.680483,Soacha,Cafe_Empacado,303,615,4.5,0.0,2.4,Si
TRX-1611,2026-02-03 22:48:58.680483,Soacha,Insumos_Pasteleria,776,770,1.2,0.0,4.6,No
TRX-1536,2026-02-04 22:48:58.680483,Tenjo,Cafe_Empacado,414,365,1.1,0.0,4.2,No
TRX-1325,2026-02-04 22:48:58.680483,Soacha,Insumos_Pasteleria,996,950,0.5,0.0,4.4,No
TRX-1959,2026-02-04 22:48:58.680483,Soacha,Cafe_Empacado,464,306,1.6,0.0,4.2,No
TRX-1251,2026-02-04 22:48:58.680483,Soacha,Lacteos_Frio,240,50,0.6,0.0,4.7,No
TRX-1114,2026-02-04 22:48:58.680483,Soacha,Cafe_Empacado,900,701,1.2,0.0,4.4,No
TRX-1208,2026-02-05 22:48:58.680483,Tenjo,Lacteos_Frio,866,726,1.6,0.0,5.0,No
TRX-1021,2026-02-05 22:48:58.680483,Soacha,Cafe_Empacado,831,488,0.9,0.0,4.2,No
TRX-1871,2026-02-05 22:48:58.680483,Soacha,Cafe_Empacado,292,152,2.4,0.0,4.3,No
TRX-1958,2026-02-05 22:48:58.680483,Tenjo,Cafe_Empacado,939,741,1.7,0.0,4.0,No
TRX-1767,2026-02-05 22:48:58.680483,Soacha,Lacteos_Frio,506,440,1.7,0.0,4.9,No
TRX-1986,2026-02-05 22:48:58.680483,Soacha,Lacteos_Frio,290,50,2.4,0.0,4.1,No
TRX-1300,2026-02-05 22:48:58.680483,Soacha,Cafe_Empacado,971,929,2.3,0.0,4.3,No
TRX-1358,2026-02-06 22:48:58.680483,Soacha,Lacteos_Frio,803,791,1.4,0.0,4.9,No
TRX-1620,2026-02-06 22:48:58.680483,Tenjo,Lacteos_Frio,282,87,1.6,0.0,4.7,No
TRX-1461,2026-02-06 22:48:58.680483,Soacha,Insumos_Pasteleria,863,537,1.3,0.0,4.7,No
TRX-1575,2026-02-06 22:48:58.680483,Soacha,Lacteos_Frio,221,171,1.5,0.0,4.6,No
TRX-1876,2026-02-06 22:48:58.680483,Soacha,Cafe_Empacado,819,633,1.5,0.0,4.3,No
TRX-1231,2026-02-06 22:48:58.680483,Soacha,Insumos_Pasteleria,493,50,2.1,0.0,5.0,No
TRX-1745,2026-02-06 22:48:58.680483,Tenjo,Lacteos_Frio,944,737,1.9,0.0,4.8,No
TRX-1185,2026-02-06 22:48:58.680483,Soacha,Lacteos_Frio,312,210,0.7,0.0,4.1,No
TRX-1077,2026-02-07 22:48:58.680483,Tenjo,Cafe_Empacado,971,905,1.4,0.0,4.5,No
TRX-1924,2026-02-07 22:48:58.680483,Soacha,Lacteos_Frio,626,370,2.3,0.0,4.4,No
TRX-1084,2026-02-08 22:48:58.680483,Soacha,Insumos_Pasteleria,546,691,4.1,0.0,1.4,Si
TRX-1683,2026-02-08 22:48:58.680483,Soacha,Cafe_Empacado,473,471,1.3,0.0,4.3,No
TRX-1104,2026-02-08 22:48:58.680483,Soacha,Lacteos_Frio,292,280,1.8,0.0,4.9,No
TRX-1898,2026-02-09 22:48:58.680483,Soacha,Cafe_Empacado,556,462,1.8,0.0,4.1,No
TRX-1239,2026-02-09 22:48:58.680483,Soacha,Lacteos_Frio,628,378,0.5,0.0,4.6,No
TRX-1577,2026-02-09 22:48:58.680483,Soacha,Cafe_Empacado,902,839,2.3,0.0,4.5,No
TRX-1130,2026-02-09 22:48:58.680483,Tenjo,Lacteos_Frio,976,981,5.1,7.0,1.9,Si
TRX-1356,2026-02-10 22:48:58.680483,Soacha,Cafe_Empacado,698,531,1.2,0.0,4.9,No
TRX-1795,2026-02-10 22:48:58.680483,Tenjo,Cafe_Empacado,592,655,5.0,0.0,2.4,Si
TRX-1500,2026-02-10 22:48:58.680483,Tenjo,Lacteos_Frio,583,513,2.4,0.0,4.9,No
TRX-1943,2026-02-11 22:48:58.680483,Tenjo,Insumos_Pasteleria,927,1139,5.0,0.0,2.8,Si
TRX-1501,2026-02-11 22:48:58.680483,Soacha,Cafe_Empacado,459,234,2.5,0.0,4.8,No
TRX-1880,2026-02-11 22:48:58.680483,Tenjo,Lacteos_Frio,530,413,0.6,0.0,4.3,No
TRX-1156,2026-02-11 22:48:58.680483,Soacha,Lacteos_Frio,308,148,2.1,0.0,4.3,No
TRX-1071,2026-02-11 22:48:58.680483,Tenjo,Cafe_Empacado,868,610,1.3,0.0,4.4,No
TRX-1642,2026-02-11 22:48:58.680483,Soacha,Lacteos_Frio,651,597,0.8,0.0,4.1,No
TRX-1609,2026-02-12 22:48:58.680483,Tenjo,Cafe_Empacado,850,500,0.6,0.0,4.7,No
TRX-1087,2026-02-12 22:48:58.680483,Tenjo,Lacteos_Frio,783,389,0.6,0.0,4.9,No
TRX-1833,2026-02-12 22:48:58.680483,Tenjo,Cafe_Empacado,899,482,0.9,0.0,4.6,No
TRX-1150,2026-02-12 22:48:58.680483,Tenjo,Cafe_Empacado,367,547,3.3,0.0,2.5,Si
TRX-1829,2026-02-13 22:48:58.680483,Soacha,Insumos_Pasteleria,763,516,2.1,0.0,4.4,No
TRX-1328,2026-02-13 22:48:58.680483,Soacha,Cafe_Empacado,630,497,1.1,0.0,4.5,No
TRX-1689,2026-02-13 22:48:58.680483,Tenjo,Cafe_Empacado,687,542,2.5,0.0,4.9,No
TRX-1320,2026-02-13 22:48:58.680483,Soacha,Lacteos_Frio,845,610,1.3,0.0,4.1,No
TRX-1506,2026-02-13 22:48:58.680483,Soacha,Cafe_Empacado,783,475,1.6,0.0,4.5,No
TRX-1953,2026-02-14 22:48:58.680483,Tenjo,Insumos_Pasteleria,548,613,5.2,0.0,1.0,Si
TRX-1758,2026-02-14 22:48:58.680483,Tenjo,Cafe_Empacado,211,170,2.3,0.0,4.2,No
TRX-1647,2026-02-14 22:48:58.680483,Tenjo,Lacteos_Frio,732,745,4.9,12.2,3.1,Si
TRX-1694,2026-02-14 22:48:58.680483,Tenjo,Lacteos_Frio,451,401,0.9,0.0,4.5,No
TRX-1853,2026-02-14 22:48:58.680483,Soacha,Cafe_Empacado,772,573,2.2,0.0,4.6,No
TRX-1837,2026-02-14 22:48:58.680483,Tenjo,Lacteos_Frio,688,549,1.9,0.0,4.9,No
TRX-1408,2026-02-14 22:48:58.680483,Soacha,Insumos_Pasteleria,781,705,1.1,0.0,4.3,No
TRX-1456,2026-02-14 22:48:58.680483,Tenjo,Cafe_Empacado,325,472,3.8,0.0,2.5,Si
TRX-1655,2026-02-14 22:48:58.680483,Tenjo,Lacteos_Frio,752,722,2.4,0.0,4.9,No
TRX-1111,2026-02-15 22:48:58.680483,Tenjo,Cafe_Empacado,948,778,2.3,0.0,4.0,No
TRX-1287,2026-02-15 22:48:58.680483,Tenjo,Cafe_Empacado,639,814,4.5,0.0,2.0,Si
TRX-1843,2026-02-15 22:48:58.680483,Soacha,Lacteos_Frio,795,750,2.5,0.0,4.2,No
TRX-1441,2026-02-15 22:48:58.680483,Soacha,Lacteos_Frio,522,249,1.4,0.0,4.6,No
TRX-1075,2026-02-15 22:48:58.680483,Tenjo,Lacteos_Frio,547,420,2.5,0.0,4.3,No
TRX-1312,2026-02-15 22:48:58.680483,Tenjo,Insumos_Pasteleria,684,586,1.9,0.0,4.6,No
TRX-1256,2026-02-15 22:48:58.680483,Tenjo,Insumos_Pasteleria,759,452,1.1,0.0,4.2,No
TRX-1249,2026-02-15 22:48:58.680483,Tenjo,Cafe_Empacado,355,50,0.6,0.0,4.2,No
TRX-1656,2026-02-16 22:48:58.680483,Soacha,Lacteos_Frio,554,469,2.4,0.0,4.9,No
TRX-1990,2026-02-16 22:48:58.680483,Soacha,Insumos_Pasteleria,968,933,2.1,0.0,4.7,No
TRX-1391,2026-02-16 22:48:58.680483,Tenjo,Cafe_Empacado,860,813,1.6,0.0,5.0,No
TRX-1028,2026-02-16 22:48:58.680483,Tenjo,Cafe_Empacado,631,434,2.2,0.0,4.9,No
TRX-1316,2026-02-16 22:48:58.680483,Soacha,Insumos_Pasteleria,369,432,5.4,0.0,2.3,Si
TRX-1061,2026-02-17 22:48:58.680483,Soacha,Lacteos_Frio,726,357,1.2,0.0,4.3,No
TRX-1362,2026-02-17 22:48:58.680483,Soacha,Cafe_Empacado,310,152,1.8,0.0,4.3,No
TRX-1751,2026-02-17 22:48:58.680483,Soacha,Lacteos_Frio,700,640,1.8,0.0,4.9,No
TRX-1768,2026-02-17 22:48:58.680483,Soacha,Cafe_Empacado,656,653,2.0,0.0,4.0,No
TRX-1780,2026-02-18 22:48:58.680483,Soacha,Cafe_Empacado,815,670,2.2,0.0,4.9,No
TRX-1302,2026-02-18 22:48:58.680483,Tenjo,Cafe_Empacado,354,477,3.7,0.0,2.6,Si
TRX-1383,2026-02-18 22:48:58.680483,Tenjo,Cafe_Empacado,263,225,1.3,0.0,4.9,No
TRX-1815,2026-02-18 22:48:58.680483,Tenjo,Cafe_Empacado,593,538,2.4,0.0,4.0,No
TRX-1033,2026-02-18 22:48:58.680483,Soacha,Cafe_Empacado,775,668,1.2,0.0,4.7,No
TRX-1038,2026-02-18 22:48:58.680483,Soacha,Cafe_Empacado,860,1123,3.8,0.0,1.2,Si
TRX-1736,2026-02-18 22:48:58.680483,Tenjo,Lacteos_Frio,803,463,1.8,0.0,4.7,No
TRX-1173,2026-02-18 22:48:58.680483,Soacha,Lacteos_Frio,886,711,1.4,0.0,4.1,No
TRX-1135,2026-02-19 22:48:58.680483,Tenjo,Lacteos_Frio,988,1088,4.7,19.6,2.6,Si
TRX-1775,2026-02-19 22:48:58.680483,Tenjo,Cafe_Empacado,655,585,1.9,0.0,4.5,No
TRX-1227,2026-02-19 22:48:58.680483,Tenjo,Cafe_Empacado,422,315,1.9,0.0,5.0,No
TRX-1183,2026-02-19 22:48:58.680483,Soacha,Lacteos_Frio,611,344,1.8,0.0,5.0,No
TRX-1560,2026-02-19 22:48:58.680483,Tenjo,Lacteos_Frio,743,494,2.1,0.0,4.8,No
TRX-1412,2026-02-19 22:48:58.680483,Tenjo,Cafe_Empacado,301,335,4.2,0.0,2.6,Si
TRX-1793,2026-02-20 22:48:58.680483,Soacha,Cafe_Empacado,801,515,1.8,0.0,4.3,No
TRX-1571,2026-02-20 22:48:58.680483,Tenjo,Cafe_Empacado,377,219,2.0,0.0,4.3,No
TRX-1399,2026-02-20 22:48:58.680483,Tenjo,Cafe_Empacado,757,694,1.8,0.0,4.3,No
TRX-1017,2026-02-20 22:48:58.680483,Soacha,Cafe_Empacado,713,760,3.8,0.0,2.9,Si
TRX-1080,2026-02-20 22:48:58.680483,Soacha,Lacteos_Frio,778,775,0.7,0.0,4.1,No
TRX-1728,2026-02-20 22:48:58.680483,Tenjo,Cafe_Empacado,387,133,2.3,0.0,4.2,No
TRX-1201,2026-02-20 22:48:58.680483,Soacha,Lacteos_Frio,912,916,3.9,20.9,2.3,Si
TRX-1050,2026-02-20 22:48:58.680483,Tenjo,Insumos_Pasteleria,264,253,1.2,0.0,4.7,No
TRX-1279,2026-02-21 22:48:58.680483,Soacha,Insumos_Pasteleria,674,742,3.3,0.0,3.2,Si
TRX-1662,2026-02-21 22:48:58.680483,Tenjo,Cafe_Empacado,435,120,0.5,0.0,4.3,No
TRX-1195,2026-02-21 22:48:58.680483,Soacha,Lacteos_Frio,401,399,1.7,0.0,4.4,No
TRX-1066,2026-02-21 22:48:58.680483,Tenjo,Cafe_Empacado,431,50,0.5,0.0,4.4,No
TRX-1396,2026-02-21 22:48:58.680483,Soacha,Cafe_Empacado,716,673,1.1,0.0,4.8,No
TRX-1260,2026-02-21 22:48:58.680483,Soacha,Cafe_Empacado,579,575,2.2,0.0,4.5,No
TRX-1069,2026-02-21 22:48:58.680483,Soacha,Cafe_Empacado,987,961,0.6,0.0,4.7,No
TRX-1338,2026-02-21 22:48:58.680483,Tenjo,Lacteos_Frio,504,356,1.5,0.0,4.8,No
TRX-1753,2026-02-21 22:48:58.680483,Soacha,Lacteos_Frio,232,359,4.7,9.8,1.5,Si
TRX-1410,2026-02-22 22:48:58.680483,Soacha,Cafe_Empacado,961,840,1.8,0.0,4.7,No
TRX-1035,2026-02-22 22:48:58.680483,Tenjo,Cafe_Empacado,761,635,2.0,0.0,4.6,No
TRX-1721,2026-02-22 22:48:58.680483,Tenjo,Insumos_Pasteleria,381,139,1.7,0.0,4.4,No
TRX-1920,2026-02-22 22:48:58.680483,Tenjo,Cafe_Empacado,677,657,0.7,0.0,4.8,No
TRX-1863,2026-02-23 22:48:58.680483,Tenjo,Cafe_Empacado,409,104,0.9,0.0,4.1,No
TRX-1839,2026-02-23 22:48:58.680483,Tenjo,Lacteos_Frio,441,577,3.8,21.5,1.3,Si
TRX-1855,2026-02-23 22:48:58.680483,Soacha,Insumos_Pasteleria,476,422,1.5,0.0,5.0,No
TRX-1636,2026-02-23 22:48:58.680483,Tenjo,Insumos_Pasteleria,434,354,1.2,0.0,5.0,No
TRX-1697,2026-02-23 22:48:58.680483,Tenjo,Lacteos_Frio,724,729,5.2,20.1,2.7,Si
TRX-1574,2026-02-24 22:48:58.680483,Tenjo,Lacteos_Frio,607,387,0.6,0.0,4.6,No
TRX-1368,2026-02-24 22:48:58.680483,Soacha,Lacteos_Frio,963,1043,4.8,18.5,2.7,Si
TRX-1755,2026-02-24 22:48:58.680483,Tenjo,Insumos_Pasteleria,718,690,2.0,0.0,4.6,No
TRX-1339,2026-02-25 22:48:58.680483,Tenjo,Lacteos_Frio,873,772,0.9,0.0,4.8,No
TRX-1425,2026-02-25 22:48:58.680483,Soacha,Lacteos_Frio,930,596,2.5,0.0,4.1,No
TRX-1519,2026-02-25 22:48:58.680483,Tenjo,Cafe_Empacado,574,321,1.8,0.0,4.1,No
TRX-1625,2026-02-25 22:48:58.680483,Tenjo,Lacteos_Frio,890,939,4.8,15.2,1.9,Si
TRX-1434,2026-02-25 22:48:58.680483,Tenjo,Cafe_Empacado,710,510,1.4,0.0,4.8,No
TRX-1025,2026-02-25 22:48:58.680483,Tenjo,Cafe_Empacado,215,50,2.3,0.0,4.5,No
TRX-1641,2026-02-25 22:48:58.680483,Soacha,Cafe_Empacado,984,858,1.0,0.0,4.9,No
TRX-1389,2026-02-25 22:48:58.680483,Tenjo,Lacteos_Frio,339,464,4.1,13.5,1.9,Si
TRX-1388,2026-02-25 22:48:58.680483,Soacha,Cafe_Empacado,758,538,1.5,0.0,4.6,No
TRX-1029,2026-02-26 22:48:58.680483,Soacha,Cafe_Empacado,869,951,4.7,0.0,2.5,Si
TRX-1176,2026-02-26 22:48:58.680483,Soacha,Lacteos_Frio,872,877,3.5,21.2,1.8,Si
TRX-1712,2026-02-26 22:48:58.680483,Tenjo,Cafe_Empacado,969,810,1.1,0.0,4.6,No
TRX-1905,2026-02-26 22:48:58.680483,Tenjo,Cafe_Empacado,459,327,2.4,0.0,4.4,No
TRX-1400,2026-02-27 22:48:58.680483,Soacha,Lacteos_Frio,723,351,0.6,0.0,4.9,No
TRX-1679,2026-02-27 22:48:58.680483,Soacha,Lacteos_Frio,361,510,5.4,7.3,3.1,Si
TRX-1046,2026-02-27 22:48:58.680483,Soacha,Insumos_Pasteleria,234,300,4.4,0.0,2.1,Si
TRX-1366,2026-02-27 22:48:58.680483,Tenjo,Cafe_Empacado,472,123,2.5,0.0,4.6,No
TRX-1245,2026-02-27 22:48:58.680483,Soacha,Insumos_Pasteleria,563,545,2.4,0.0,4.2,No
TRX-1627,2026-02-28 22:48:58.680483,Soacha,Cafe_Empacado,600,592,0.9,0.0,4.9,No
TRX-1813,2026-02-28 22:48:58.680483,Soacha,Insumos_Pasteleria,225,371,4.3,0.0,2.9,Si
TRX-1821,2026-02-28 22:48:58.680483,Tenjo,Insumos_Pasteleria,892,565,1.3,0.0,4.1,No
TRX-1646,2026-02-28 22:48:58.680483,Soacha,Cafe_Empacado,912,910,2.2,0.0,4.5,No
TRX-1844,2026-02-28 22:48:58.680483,Soacha,Cafe_Empacado,560,439,1.8,0.0,4.1,No
TRX-1311,2026-02-28 22:48:58.680483,Soacha,Cafe_Empacado,741,749,3.1,0.0,2.8,Si
TRX-1916,2026-03-01 22:48:58.680483,Soacha,Insumos_Pasteleria,719,695,2.3,0.0,4.5,No
TRX-1428,2026-03-01 22:48:58.680483,Soacha,Cafe_Empacado,886,733,1.7,0.0,4.0,No
TRX-1113,2026-03-01 22:48:58.680483,Tenjo,Cafe_Empacado,852,768,1.1,0.0,5.0,No
TRX-1151,2026-03-01 22:48:58.680483,Tenjo,Cafe_Empacado,819,793,2.0,0.0,4.9,No
TRX-1171,2026-03-01 22:48:58.680483,Tenjo,Cafe_Empacado,926,1040,3.4,0.0,2.9,Si
TRX-1182,2026-03-01 22:48:58.680483,Soacha,Cafe_Empacado,950,947,2.4,0.0,4.3,No
TRX-1546,2026-03-01 22:48:58.680483,Soacha,Insumos_Pasteleria,869,696,1.1,0.0,4.8,No
TRX-1992,2026-03-01 22:48:58.680483,Tenjo,Lacteos_Frio,353,482,4.5,20.4,3.1,Si
TRX-1937,2026-03-01 22:48:58.680483,Tenjo,Cafe_Empacado,747,527,1.4,0.0,4.7,No
TRX-1842,2026-03-02 22:48:58.680483,Tenjo,Insumos_Pasteleria,204,50,1.3,0.0,4.3,No
TRX-1095,2026-03-02 22:48:58.680483,Tenjo,Cafe_Empacado,461,799,4.4,0.0,2.1,Si
TRX-1979,2026-03-02 22:48:58.680483,Soacha,Insumos_Pasteleria,802,816,3.9,0.0,2.2,Si
TRX-1385,2026-03-02 22:48:58.680483,Tenjo,Lacteos_Frio,316,255,1.6,0.0,4.2,No
TRX-1710,2026-03-02 22:48:58.680483,Soacha,Lacteos_Frio,301,172,2.1,0.0,4.7,No
TRX-1422,2026-03-02 22:48:58.680483,Tenjo,Cafe_Empacado,953,825,1.1,0.0,4.3,No
TRX-1133,2026-03-02 22:48:58.680483,Soacha,Lacteos_Frio,752,598,1.1,0.0,4.8,No
TRX-1957,2026-03-03 22:48:58.680483,Soacha,Insumos_Pasteleria,209,52,2.3,0.0,4.2,No
TRX-1904,2026-03-03 22:48:58.680483,Tenjo,Lacteos_Frio,589,434,1.7,0.0,4.8,No
TRX-1036,2026-03-03 22:48:58.680483,Tenjo,Cafe_Empacado,668,710,4.2,0.0,1.3,Si
TRX-1978,2026-03-04 22:48:58.680483,Soacha,Cafe_Empacado,558,271,1.1,0.0,4.5,No
TRX-1605,2026-03-04 22:48:58.680483,Soacha,Insumos_Pasteleria,589,358,1.9,0.0,4.3,No
TRX-1496,2026-03-04 22:48:58.680483,Soacha,Cafe_Empacado,902,869,0.7,0.0,4.9,No
TRX-1088,2026-03-04 22:48:58.680483,Tenjo,Cafe_Empacado,286,50,1.0,0.0,4.3,No
TRX-1704,2026-03-04 22:48:58.680483,Soacha,Cafe_Empacado,243,270,4.2,0.0,1.1,Si
TRX-1372,2026-03-04 22:48:58.680483,Soacha,Lacteos_Frio,863,863,0.8,0.0,4.1,No
TRX-1148,2026-03-05 22:48:58.680483,Soacha,Cafe_Empacado,756,767,4.2,0.0,1.1,Si
TRX-1762,2026-03-05 22:48:58.680483,Soacha,Lacteos_Frio,572,368,0.9,0.0,4.6,No
TRX-1380,2026-03-05 22:48:58.680483,Tenjo,Cafe_Empacado,812,523,1.6,0.0,5.0,No
TRX-1928,2026-03-05 22:48:58.680483,Tenjo,Insumos_Pasteleria,795,743,1.1,0.0,4.8,No
TRX-1495,2026-03-06 22:48:58.680483,Tenjo,Lacteos_Frio,393,438,5.1,21.5,1.5,Si
TRX-1887,2026-03-06 22:48:58.680483,Tenjo,Cafe_Empacado,880,880,1.8,0.0,5.0,No
TRX-1340,2026-03-06 22:48:58.680483,Tenjo,Cafe_Empacado,564,727,3.5,0.0,1.9,Si
TRX-1334,2026-03-06 22:48:58.680483,Soacha,Lacteos_Frio,267,323,4.8,6.1,1.6,Si
TRX-1205,2026-03-07 22:48:58.680483,Soacha,Cafe_Empacado,970,1115,3.8,0.0,2.6,Si
TRX-1948,2026-03-07 22:48:58.680483,Tenjo,Cafe_Empacado,655,894,5.1,0.0,3.0,Si
TRX-1885,2026-03-07 22:48:58.680483,Soacha,Cafe_Empacado,691,588,1.9,0.0,4.6,No
TRX-1283,2026-03-07 22:48:58.680483,Tenjo,Cafe_Empacado,524,507,2.2,0.0,4.1,No
TRX-1475,2026-03-08 22:48:58.680483,Soacha,Lacteos_Frio,526,435,0.6,0.0,4.7,No
TRX-1991,2026-03-08 22:48:58.680483,Tenjo,Insumos_Pasteleria,257,216,1.9,0.0,4.1,No
TRX-1467,2026-03-08 22:48:58.680483,Tenjo,Insumos_Pasteleria,502,570,4.3,0.0,3.1,Si
TRX-1210,2026-03-08 22:48:58.680483,Soacha,Lacteos_Frio,713,339,1.0,0.0,4.1,No
TRX-1446,2026-03-08 22:48:58.680483,Soacha,Cafe_Empacado,486,392,2.4,0.0,4.5,No
TRX-1790,2026-03-08 22:48:58.680483,Soacha,Lacteos_Frio,670,544,1.4,0.0,4.4,No
TRX-1455,2026-03-08 22:48:58.680483,Tenjo,Cafe_Empacado,519,481,2.1,0.0,4.3,No
TRX-1565,2026-03-08 22:48:58.680483,Soacha,Cafe_Empacado,655,250,0.5,0.0,5.0,No
TRX-1394,2026-03-09 22:48:58.680483,Tenjo,Cafe_Empacado,686,646,0.6,0.0,5.0,No
TRX-1612,2026-03-09 22:48:58.680483,Soacha,Lacteos_Frio,818,818,1.6,0.0,4.1,No
TRX-1824,2026-03-09 22:48:58.680483,Tenjo,Lacteos_Frio,267,50,0.5,0.0,4.3,No
TRX-1217,2026-03-09 22:48:58.680483,Soacha,Lacteos_Frio,280,400,5.0,9.2,2.0,Si
TRX-1945,2026-03-09 22:48:58.680483,Soacha,Cafe_Empacado,963,421,1.6,0.0,4.9,No
TRX-1911,2026-03-09 22:48:58.680483,Tenjo,Cafe_Empacado,472,185,2.1,0.0,4.7,No
TRX-1608,2026-03-10 22:48:58.680483,Soacha,Cafe_Empacado,867,788,1.4,0.0,4.1,No
TRX-1145,2026-03-10 22:48:58.680483,Soacha,Cafe_Empacado,532,438,1.9,0.0,4.9,No
TRX-1090,2026-03-10 22:48:58.680483,Soacha,Lacteos_Frio,413,254,1.3,0.0,4.5,No
TRX-1744,2026-03-11 22:48:58.680483,Tenjo,Cafe_Empacado,933,955,4.2,0.0,1.8,Si
TRX-1107,2026-03-11 22:48:58.680483,Soacha,Cafe_Empacado,623,675,3.7,0.0,1.2,Si
TRX-1005,2026-03-11 22:48:58.680483,Tenjo,Lacteos_Frio,872,1027,4.4,5.4,1.1,Si
TRX-1981,2026-03-12 22:48:58.680483,Soacha,Cafe_Empacado,216,208,1.8,0.0,4.2,No
TRX-1041,2026-03-12 22:48:58.680483,Soacha,Insumos_Pasteleria,475,293,1.0,0.0,4.1,No
TRX-1835,2026-03-12 22:48:58.680483,Soacha,Insumos_Pasteleria,758,770,5.1,0.0,1.0,Si
TRX-1499,2026-03-13 22:48:58.680483,Tenjo,Cafe_Empacado,464,319,1.9,0.0,4.8,No
TRX-1787,2026-03-13 22:48:58.680483,Tenjo,Cafe_Empacado,404,338,0.9,0.0,4.5,No
TRX-1667,2026-03-13 22:48:58.680483,Tenjo,Insumos_Pasteleria,596,426,1.9,0.0,4.2,No
TRX-1587,2026-03-13 22:48:58.680483,Soacha,Cafe_Empacado,959,847,1.5,0.0,4.1,No
TRX-1159,2026-03-14 22:48:58.680483,Tenjo,Lacteos_Frio,439,208,1.5,0.0,4.0,No
TRX-1583,2026-03-14 22:48:58.680483,Soacha,Insumos_Pasteleria,665,577,2.3,0.0,4.7,No
TRX-1915,2026-03-14 22:48:58.680483,Tenjo,Cafe_Empacado,446,611,3.7,0.0,2.9,Si
TRX-1929,2026-03-14 22:48:58.680483,Tenjo,Lacteos_Frio,799,880,5.2,16.5,3.2,Si
TRX-1763,2026-03-14 22:48:58.680483,Soacha,Lacteos_Frio,683,696,3.6,19.3,1.9,Si
TRX-1009,2026-03-14 22:48:58.680483,Tenjo,Lacteos_Frio,402,329,1.1,0.0,4.3,No
TRX-1265,2026-03-14 22:48:58.680483,Tenjo,Lacteos_Frio,206,139,1.0,0.0,4.4,No
TRX-1521,2026-03-14 22:48:58.680483,Soacha,Insumos_Pasteleria,945,1056,3.6,0.0,2.6,Si
TRX-1585,2026-03-15 22:48:58.680483,Tenjo,Lacteos_Frio,830,736,1.2,0.0,4.9,No
TRX-1556,2026-03-15 22:48:58.680483,Soacha,Cafe_Empacado,230,106,1.1,0.0,4.3,No
TRX-1449,2026-03-15 22:48:58.680483,Soacha,Lacteos_Frio,679,350,1.6,0.0,4.5,No
TRX-1999,2026-03-15 22:48:58.680483,Tenjo,Cafe_Empacado,304,392,3.6,0.0,2.5,Si
TRX-1963,2026-03-16 22:48:58.680483,Tenjo,Lacteos_Frio,866,790,0.7,0.0,4.1,No
TRX-1733,2026-03-17 22:48:58.680483,Tenjo,Lacteos_Frio,886,690,0.8,0.0,4.2,No
TRX-1994,2026-03-17 22:48:58.680483,Soacha,Lacteos_Frio,827,906,3.9,8.2,3.2,Si
TRX-1858,2026-03-17 22:48:58.680483,Soacha,Lacteos_Frio,589,712,3.3,21.1,2.5,Si
TRX-1832,2026-03-17 22:48:58.680483,Soacha,Lacteos_Frio,637,363,0.6,0.0,4.0,No
TRX-1777,2026-03-18 22:48:58.680483,Tenjo,Cafe_Empacado,413,469,4.3,0.0,1.0,Si
TRX-1931,2026-03-18 22:48:58.680483,Tenjo,Cafe_Empacado,292,106,1.3,0.0,4.5,No
TRX-1938,2026-03-18 22:48:58.680483,Soacha,Lacteos_Frio,812,755,2.2,0.0,4.8,No
TRX-1772,2026-03-18 22:48:58.680483,Tenjo,Cafe_Empacado,424,346,1.9,0.0,4.4,No
TRX-1799,2026-03-19 22:48:58.680483,Soacha,Cafe_Empacado,633,544,0.9,0.0,4.3,No
TRX-1649,2026-03-19 22:48:58.680483,Tenjo,Insumos_Pasteleria,851,583,1.5,0.0,5.0,No
TRX-1479,2026-03-19 22:48:58.680483,Tenjo,Cafe_Empacado,264,254,1.4,0.0,4.2,No
TRX-1845,2026-03-20 22:48:58.680483,Soacha,Cafe_Empacado,658,589,2.0,0.0,4.7,No
TRX-1059,2026-03-20 22:48:58.680483,Tenjo,Cafe_Empacado,373,295,0.9,0.0,4.1,No
TRX-1191,2026-03-20 22:48:58.680483,Soacha,Insumos_Pasteleria,240,228,1.4,0.0,5.0,No
TRX-1509,2026-03-20 22:48:58.680483,Soacha,Cafe_Empacado,884,1030,4.2,0.0,2.3,Si
TRX-1781,2026-03-20 22:48:58.680483,Tenjo,Lacteos_Frio,394,255,2.3,0.0,4.5,No
TRX-1097,2026-03-20 22:48:58.680483,Soacha,Lacteos_Frio,482,658,3.7,20.4,2.7,Si
TRX-1232,2026-03-21 22:48:58.680483,Soacha,Lacteos_Frio,995,965,1.8,0.0,4.1,No
TRX-1770,2026-03-21 22:48:58.680483,Soacha,Cafe_Empacado,530,393,1.6,0.0,4.2,No
TRX-1692,2026-03-21 22:48:58.680483,Soacha,Cafe_Empacado,555,582,3.7,0.0,1.2,Si
TRX-1078,2026-03-21 22:48:58.680483,Soacha,Insumos_Pasteleria,605,475,1.5,0.0,4.5,No
TRX-1278,2026-03-21 22:48:58.680483,Soacha,Insumos_Pasteleria,678,593,1.5,0.0,4.3,No
TRX-1897,2026-03-22 22:48:58.680483,Tenjo,Insumos_Pasteleria,338,300,0.7,0.0,4.4,No
TRX-1602,2026-03-22 22:48:58.680483,Tenjo,Cafe_Empacado,542,339,1.7,0.0,4.1,No
TRX-1730,2026-03-22 22:48:58.680483,Tenjo,Cafe_Empacado,318,266,1.9,0.0,4.8,No
TRX-1561,2026-03-22 22:48:58.680483,Tenjo,Insumos_Pasteleria,645,692,4.8,0.0,2.7,Si
TRX-1483,2026-03-23 22:48:58.680483,Soacha,Cafe_Empacado,200,50,1.3,0.0,4.9,No
TRX-1157,2026-03-23 22:48:58.680483,Tenjo,Lacteos_Frio,467,647,4.5,11.4,3.0,Si
TRX-1547,2026-03-23 22:48:58.680483,Tenjo,Lacteos_Frio,636,495,1.9,0.0,4.8,No
TRX-1270,2026-03-23 22:48:58.680483,Soacha,Cafe_Empacado,758,603,1.2,0.0,4.3,No
TRX-1789,2026-03-23 22:48:58.680483,Tenjo,Cafe_Empacado,323,50,2.2,0.0,5.0,No
TRX-1977,2026-03-23 22:48:58.680483,Soacha,Cafe_Empacado,824,534,1.5,0.0,4.4,No
TRX-1052,2026-03-23 22:48:58.680483,Soacha,Lacteos_Frio,500,272,1.9,0.0,4.7,No
TRX-1708,2026-03-24 22:48:58.680483,Soacha,Cafe_Empacado,724,541,1.8,0.0,4.6,No
TRX-1732,2026-03-24 22:48:58.680483,Soacha,Lacteos_Frio,983,946,2.3,0.0,4.4,No
TRX-1460,2026-03-24 22:48:58.680483,Soacha,Lacteos_Frio,880,988,5.3,11.3,2.4,Si
TRX-1760,2026-03-24 22:48:58.680483,Soacha,Cafe_Empacado,919,751,2.5,0.0,5.0,No
TRX-1549,2026-03-25 22:48:58.680483,Soacha,Cafe_Empacado,732,759,4.7,0.0,1.3,Si
TRX-1878,2026-03-25 22:48:58.680483,Tenjo,Cafe_Empacado,920,916,1.9,0.0,4.3,No
TRX-1146,2026-03-25 22:48:58.680483,Tenjo,Lacteos_Frio,326,285,2.2,0.0,4.6,No
TRX-1453,2026-03-25 22:48:58.680483,Tenjo,Cafe_Empacado,882,901,3.5,0.0,2.3,Si
TRX-1606,2026-03-25 22:48:58.680483,Soacha,Cafe_Empacado,524,147,0.9,0.0,4.6,No
TRX-1390,2026-03-25 22:48:58.680483,Soacha,Lacteos_Frio,445,157,0.8,0.0,4.9,No
TRX-1382,2026-03-25 22:48:58.680483,Soacha,Lacteos_Frio,858,838,1.4,0.0,4.9,No
TRX-1711,2026-03-25 22:48:58.680483,Tenjo,Cafe_Empacado,991,1112,5.5,0.0,2.3,Si
TRX-1347,2026-03-25 22:48:58.680483,Soacha,Cafe_Empacado,762,668,0.5,0.0,4.1,No
TRX-1196,2026-03-26 22:48:58.680483,Tenjo,Cafe_Empacado,649,707,4.3,0.0,1.4,Si
TRX-1092,2026-03-27 22:48:58.680483,Tenjo,Lacteos_Frio,921,894,0.9,0.0,4.7,No
TRX-1010,2026-03-27 22:48:58.680483,Soacha,Lacteos_Frio,938,969,3.4,21.5,1.1,Si
TRX-1019,2026-03-27 22:48:58.680483,Soacha,Cafe_Empacado,821,603,0.6,0.0,4.1,No
TRX-1442,2026-03-28 22:48:58.680483,Tenjo,Lacteos_Frio,642,498,2.3,0.0,4.1,No
TRX-1027,2026-03-28 22:48:58.680483,Soacha,Insumos_Pasteleria,261,316,4.1,0.0,2.4,Si
TRX-1045,2026-03-28 22:48:58.680483,Soacha,Cafe_Empacado,523,399,1.8,0.0,4.3,No
TRX-1089,2026-03-28 22:48:58.680483,Tenjo,Lacteos_Frio,461,383,1.1,0.0,4.2,No
TRX-1243,2026-03-29 22:48:58.680483,Tenjo,Lacteos_Frio,229,142,0.9,0.0,4.6,No
TRX-1129,2026-03-29 22:48:58.680483,Tenjo,Lacteos_Frio,432,326,0.8,0.0,4.7,No
TRX-1514,2026-03-29 22:48:58.680483,Soacha,Cafe_Empacado,322,260,1.8,0.0,4.1,No
TRX-1955,2026-03-29 22:48:58.680483,Soacha,Cafe_Empacado,852,754,2.0,0.0,4.4,No
TRX-1510,2026-03-29 22:48:58.680483,Tenjo,Lacteos_Frio,489,456,1.4,0.0,4.9,No
TRX-1426,2026-03-29 22:48:58.680483,Tenjo,Lacteos_Frio,281,328,4.1,16.5,1.5,Si
TRX-1223,2026-03-29 22:48:58.680483,Tenjo,Insumos_Pasteleria,412,277,0.6,0.0,4.6,No
TRX-1618,2026-03-29 22:48:58.680483,Tenjo,Cafe_Empacado,811,769,2.0,0.0,4.1,No
TRX-1677,2026-03-29 22:48:58.680483,Tenjo,Cafe_Empacado,372,135,1.7,0.0,4.3,No
TRX-1049,2026-03-29 22:48:58.680483,Soacha,Lacteos_Frio,679,851,5.0,22.4,2.6,Si
TRX-1828,2026-03-29 22:48:58.680483,Soacha,Cafe_Empacado,886,614,2.5,0.0,4.1,No
TRX-1773,2026-03-30 22:48:58.680483,Tenjo,Insumos_Pasteleria,928,857,0.6,0.0,4.7,No
TRX-1617,2026-03-30 22:48:58.680483,Soacha,Lacteos_Frio,651,460,1.4,0.0,4.9,No
TRX-1161,2026-03-31 22:48:58.680483,Tenjo,Cafe_Empacado,801,844,4.0,0.0,3.0,Si
TRX-1819,2026-03-31 22:48:58.680483,Tenjo,Lacteos_Frio,466,375,2.4,0.0,4.1,No
TRX-1633,2026-03-31 22:48:58.680483,Tenjo,Lacteos_Frio,374,551,3.6,8.2,2.7,Si
TRX-1424,2026-03-31 22:48:58.680483,Soacha,Insumos_Pasteleria,890,706,1.4,0.0,4.8,No
TRX-1675,2026-03-31 22:48:58.680483,Soacha,Lacteos_Frio,299,360,3.2,8.3,2.3,Si
TRX-1742,2026-03-31 22:48:58.680483,Soacha,Lacteos_Frio,898,1006,4.3,6.2,2.9,Si
TRX-1053,2026-03-31 22:48:58.680483,Tenjo,Lacteos_Frio,542,304,2.4,0.0,4.1,No
TRX-1378,2026-03-31 22:48:58.680483,Soacha,Lacteos_Frio,716,543,0.6,0.0,4.9,No
TRX-1512,2026-04-01 22:48:58.680483,Soacha,Lacteos_Frio,772,521,1.2,0.0,4.2,No
TRX-1218,2026-04-01 22:48:58.680483,Soacha,Cafe_Empacado,467,457,1.3,0.0,4.7,No
TRX-1810,2026-04-01 22:48:58.680483,Tenjo,Cafe_Empacado,398,289,1.2,0.0,4.5,No
TRX-1002,2026-04-01 22:48:58.680483,Soacha,Insumos_Pasteleria,485,331,2.2,0.0,4.7,No
TRX-1274,2026-04-01 22:48:58.680483,Soacha,Lacteos_Frio,401,268,1.0,0.0,4.8,No
TRX-1327,2026-04-01 22:48:58.680483,Soacha,Lacteos_Frio,258,319,4.1,13.4,2.4,Si
TRX-1448,2026-04-01 22:48:58.680483,Tenjo,Lacteos_Frio,313,50,1.5,0.0,4.7,No
TRX-1407,2026-04-02 22:48:58.680483,Soacha,Cafe_Empacado,947,956,3.9,0.0,2.9,Si
TRX-1840,2026-04-02 22:48:58.680483,Tenjo,Cafe_Empacado,993,658,2.5,0.0,4.8,No
TRX-1988,2026-04-02 22:48:58.680483,Tenjo,Insumos_Pasteleria,523,435,1.7,0.0,4.9,No
TRX-1935,2026-04-02 22:48:58.680483,Soacha,Insumos_Pasteleria,620,465,1.4,0.0,4.9,No
TRX-1457,2026-04-02 22:48:58.680483,Tenjo,Cafe_Empacado,476,657,3.1,0.0,1.4,Si
TRX-1917,2026-04-02 22:48:58.680483,Tenjo,Cafe_Empacado,340,516,3.5,0.0,1.9,Si
TRX-1914,2026-04-02 22:48:58.680483,Soacha,Cafe_Empacado,649,531,0.5,0.0,4.3,No
TRX-1800,2026-04-03 22:48:58.680483,Tenjo,Insumos_Pasteleria,530,442,1.1,0.0,4.8,No
TRX-1989,2026-04-03 22:48:58.680483,Tenjo,Lacteos_Frio,313,168,1.4,0.0,4.4,No
TRX-1918,2026-04-03 22:48:58.680483,Tenjo,Cafe_Empacado,561,364,0.7,0.0,4.2,No
TRX-1743,2026-04-03 22:48:58.680483,Soacha,Insumos_Pasteleria,374,50,2.4,0.0,4.6,No
TRX-1074,2026-04-03 22:48:58.680483,Soacha,Cafe_Empacado,654,374,0.7,0.0,4.1,No
TRX-1723,2026-04-03 22:48:58.680483,Tenjo,Insumos_Pasteleria,740,652,0.6,0.0,4.1,No
TRX-1329,2026-04-03 22:48:58.680483,Soacha,Cafe_Empacado,837,980,4.6,0.0,1.8,Si
TRX-1505,2026-04-03 22:48:58.680483,Tenjo,Lacteos_Frio,554,439,1.5,0.0,4.8,No
TRX-1179,2026-04-04 22:48:58.680483,Tenjo,Cafe_Empacado,793,559,1.9,0.0,4.9,No
TRX-1438,2026-04-04 22:48:58.680483,Tenjo,Insumos_Pasteleria,936,1203,4.5,0.0,2.5,Si
TRX-1226,2026-04-04 22:48:58.680483,Tenjo,Insumos_Pasteleria,326,715,3.1,0.0,1.9,Si
TRX-1134,2026-04-04 22:48:58.680483,Tenjo,Lacteos_Frio,728,700,1.5,0.0,4.0,No
TRX-1136,2026-04-04 22:48:58.680483,Soacha,Lacteos_Frio,770,666,1.4,0.0,4.7,No
TRX-1473,2026-04-04 22:48:58.680483,Tenjo,Cafe_Empacado,312,236,0.9,0.0,4.4,No
TRX-1533,2026-04-04 22:48:58.680483,Soacha,Cafe_Empacado,489,199,0.9,0.0,5.0,No
TRX-1808,2026-04-04 22:48:58.680483,Soacha,Lacteos_Frio,289,325,4.5,7.9,2.7,Si
TRX-1308,2026-04-05 22:48:58.680483,Tenjo,Lacteos_Frio,461,355,0.8,0.0,4.9,No
TRX-1215,2026-04-05 22:48:58.680483,Soacha,Cafe_Empacado,495,409,1.9,0.0,4.4,No
TRX-1716,2026-04-06 22:48:58.680483,Soacha,Cafe_Empacado,586,676,4.9,0.0,2.6,Si
TRX-1212,2026-04-06 22:48:58.680483,Soacha,Lacteos_Frio,877,706,1.1,0.0,4.9,No
TRX-1379,2026-04-06 22:48:58.680483,Tenjo,Cafe_Empacado,856,653,0.7,0.0,4.8,No
TRX-1769,2026-04-06 22:48:58.680483,Tenjo,Cafe_Empacado,359,305,0.6,0.0,4.4,No
TRX-1566,2026-04-07 22:48:58.680483,Soacha,Insumos_Pasteleria,765,692,1.4,0.0,5.0,No
TRX-1272,2026-04-07 22:48:58.680483,Tenjo,Lacteos_Frio,986,1125,3.0,11.8,1.2,Si
TRX-1115,2026-04-07 22:48:58.680483,Soacha,Cafe_Empacado,248,74,1.8,0.0,4.5,No
TRX-1541,2026-04-07 22:48:58.680483,Tenjo,Cafe_Empacado,932,995,4.6,0.0,3.0,Si
TRX-1323,2026-04-07 22:48:58.680483,Tenjo,Cafe_Empacado,400,355,1.3,0.0,4.2,No
TRX-1254,2026-04-07 22:48:58.680483,Soacha,Cafe_Empacado,559,544,1.0,0.0,4.7,No
TRX-1718,2026-04-07 22:48:58.680483,Soacha,Cafe_Empacado,813,557,2.0,0.0,4.9,No
TRX-1361,2026-04-07 22:48:58.680483,Soacha,Cafe_Empacado,682,522,0.5,0.0,4.7,No
TRX-1851,2026-04-07 22:48:58.680483,Tenjo,Cafe_Empacado,214,292,4.7,0.0,1.8,Si
TRX-1531,2026-04-07 22:48:58.680483,Tenjo,Insumos_Pasteleria,310,415,5.4,0.0,1.9,Si
TRX-1240,2026-04-07 22:48:58.680483,Soacha,Lacteos_Frio,574,470,1.6,0.0,4.7,No
TRX-1330,2026-04-07 22:48:58.680483,Tenjo,Lacteos_Frio,699,559,1.9,0.0,4.0,No
TRX-1409,2026-04-07 22:48:58.680483,Tenjo,Cafe_Empacado,894,565,2.3,0.0,4.5,No
TRX-1553,2026-04-08 22:48:58.680483,Tenjo,Lacteos_Frio,512,395,1.2,0.0,4.7,No
TRX-1468,2026-04-08 22:48:58.680483,Tenjo,Insumos_Pasteleria,362,263,1.6,0.0,4.2,No
TRX-1012,2026-04-08 22:48:58.680483,Soacha,Insumos_Pasteleria,421,274,0.8,0.0,4.1,No
TRX-1962,2026-04-08 22:48:58.680483,Soacha,Cafe_Empacado,446,96,2.0,0.0,4.2,No
TRX-1462,2026-04-08 22:48:58.680483,Tenjo,Lacteos_Frio,746,570,1.2,0.0,4.1,No
TRX-1980,2026-04-09 22:48:58.680483,Soacha,Cafe_Empacado,917,643,0.7,0.0,4.9,No
TRX-1397,2026-04-09 22:48:58.680483,Tenjo,Insumos_Pasteleria,383,524,5.3,0.0,2.4,Si
TRX-1900,2026-04-09 22:48:58.680483,Soacha,Cafe_Empacado,473,199,1.7,0.0,4.1,No
TRX-1189,2026-04-09 22:48:58.680483,Tenjo,Lacteos_Frio,954,899,1.3,0.0,4.7,No
TRX-1119,2026-04-09 22:48:58.680483,Tenjo,Insumos_Pasteleria,754,634,1.7,0.0,4.5,No
TRX-1682,2026-04-09 22:48:58.680483,Tenjo,Insumos_Pasteleria,462,325,0.7,0.0,4.4,No
TRX-1464,2026-04-09 22:48:58.680483,Soacha,Cafe_Empacado,485,340,0.7,0.0,4.6,No
TRX-1528,2026-04-09 22:48:58.680483,Soacha,Cafe_Empacado,673,648,2.4,0.0,4.9,No
TRX-1493,2026-04-09 22:48:58.680483,Soacha,Cafe_Empacado,875,796,0.6,0.0,4.2,No
TRX-1669,2026-04-10 22:48:58.680483,Tenjo,Cafe_Empacado,230,50,1.4,0.0,4.6,No
TRX-1725,2026-04-10 22:48:58.680483,Tenjo,Cafe_Empacado,608,552,2.2,0.0,4.0,No
TRX-1765,2026-04-11 22:48:58.680483,Tenjo,Insumos_Pasteleria,427,257,0.6,0.0,4.3,No
TRX-1007,2026-04-11 22:48:58.680483,Tenjo,Cafe_Empacado,288,74,2.2,0.0,4.8,No
TRX-1168,2026-04-11 22:48:58.680483,Tenjo,Cafe_Empacado,542,765,3.3,0.0,2.7,Si
TRX-1125,2026-04-11 22:48:58.680483,Soacha,Lacteos_Frio,517,382,1.1,0.0,4.3,No
TRX-1000,2026-04-11 22:48:58.680483,Soacha,Cafe_Empacado,875,842,1.3,0.0,4.5,No
TRX-1403,2026-04-11 22:48:58.680483,Tenjo,Lacteos_Frio,346,328,1.1,0.0,4.2,No
TRX-1805,2026-04-12 22:48:58.680483,Tenjo,Cafe_Empacado,432,358,2.4,0.0,4.4,No
TRX-1353,2026-04-12 22:48:58.680483,Soacha,Lacteos_Frio,499,622,4.5,18.7,2.5,Si
TRX-1233,2026-04-12 22:48:58.680483,Soacha,Cafe_Empacado,476,577,5.1,0.0,1.2,Si
TRX-1062,2026-04-12 22:48:58.680483,Soacha,Insumos_Pasteleria,858,778,2.5,0.0,4.9,No
TRX-1341,2026-04-12 22:48:58.680483,Soacha,Cafe_Empacado,578,317,2.3,0.0,4.8,No
TRX-1117,2026-04-12 22:48:58.680483,Soacha,Cafe_Empacado,389,224,2.4,0.0,4.3,No
TRX-1269,2026-04-12 22:48:58.680483,Soacha,Lacteos_Frio,392,287,2.1,0.0,4.4,No
TRX-1013,2026-04-12 22:48:58.680483,Tenjo,Lacteos_Frio,240,305,4.8,24.8,1.4,Si
TRX-1629,2026-04-13 22:48:58.680483,Tenjo,Lacteos_Frio,670,588,0.5,0.0,4.5,No
TRX-1517,2026-04-13 22:48:58.680483,Tenjo,Lacteos_Frio,265,118,1.5,0.0,4.7,No
TRX-1717,2026-04-13 22:48:58.680483,Soacha,Lacteos_Frio,310,104,1.2,0.0,4.9,No
TRX-1542,2026-04-13 22:48:58.680483,Tenjo,Cafe_Empacado,430,127,1.9,0.0,4.8,No
TRX-1067,2026-04-14 22:48:58.680483,Soacha,Insumos_Pasteleria,732,588,1.3,0.0,4.1,No
TRX-1417,2026-04-14 22:48:58.680483,Tenjo,Lacteos_Frio,598,494,1.0,0.0,4.8,No
TRX-1779,2026-04-14 22:48:58.680483,Tenjo,Cafe_Empacado,843,868,3.5,0.0,1.2,Si
TRX-1841,2026-04-15 22:48:58.680483,Tenjo,Cafe_Empacado,952,790,2.2,0.0,4.7,No
TRX-1004,2026-04-15 22:48:58.680483,Tenjo,Insumos_Pasteleria,519,493,1.5,0.0,4.1,No
TRX-1869,2026-04-15 22:48:58.680483,Soacha,Cafe_Empacado,202,50,1.6,0.0,4.4,No
TRX-1401,2026-04-16 22:48:58.680483,Tenjo,Cafe_Empacado,781,370,1.4,0.0,4.6,No
TRX-1615,2026-04-16 22:48:58.680483,Tenjo,Cafe_Empacado,873,793,0.7,0.0,4.1,No
TRX-1155,2026-04-16 22:48:58.680483,Tenjo,Lacteos_Frio,655,447,0.6,0.0,4.4,No
TRX-1034,2026-04-16 22:48:58.680483,Tenjo,Lacteos_Frio,693,649,0.6,0.0,4.5,No
TRX-1888,2026-04-17 22:48:58.680483,Tenjo,Lacteos_Frio,471,207,0.8,0.0,4.6,No
TRX-1699,2026-04-17 22:48:58.680483,Tenjo,Cafe_Empacado,248,84,1.3,0.0,4.2,No
TRX-1604,2026-04-17 22:48:58.680483,Soacha,Cafe_Empacado,975,1060,3.7,0.0,2.0,Si
TRX-1405,2026-04-17 22:48:58.680483,Soacha,Cafe_Empacado,503,765,3.1,0.0,1.1,Si
TRX-1906,2026-04-17 22:48:58.680483,Tenjo,Insumos_Pasteleria,819,741,0.9,0.0,4.5,No
TRX-1860,2026-04-17 22:48:58.680483,Soacha,Cafe_Empacado,773,895,4.0,0.0,2.9,Si
TRX-1576,2026-04-17 22:48:58.680483,Tenjo,Insumos_Pasteleria,229,84,0.5,0.0,4.7,No
TRX-1301,2026-04-17 22:48:58.680483,Tenjo,Cafe_Empacado,865,883,3.2,0.0,1.7,Si
TRX-1734,2026-04-18 22:48:58.680483,Tenjo,Cafe_Empacado,664,736,5.4,0.0,2.6,Si
TRX-1277,2026-04-18 22:48:58.680483,Tenjo,Lacteos_Frio,626,457,0.9,0.0,4.6,No
TRX-1890,2026-04-19 22:48:58.680483,Soacha,Cafe_Empacado,451,206,0.9,0.0,4.3,No
TRX-1797,2026-04-19 22:48:58.680483,Soacha,Lacteos_Frio,844,630,2.4,0.0,4.0,No
TRX-1079,2026-04-19 22:48:58.680483,Soacha,Lacteos_Frio,275,165,2.1,0.0,4.2,No
TRX-1562,2026-04-19 22:48:58.680483,Soacha,Cafe_Empacado,273,50,1.5,0.0,4.8,No
TRX-1310,2026-04-19 22:48:58.680483,Soacha,Lacteos_Frio,444,329,0.6,0.0,4.2,No
TRX-1893,2026-04-19 22:48:58.680483,Soacha,Insumos_Pasteleria,898,801,1.6,0.0,4.3,No
TRX-1891,2026-04-19 22:48:58.680483,Soacha,Cafe_Empacado,759,870,4.5,0.0,2.8,Si
TRX-1054,2026-04-19 22:48:58.680483,Tenjo,Cafe_Empacado,630,477,2.5,0.0,4.9,No
TRX-1867,2026-04-19 22:48:58.680483,Tenjo,Cafe_Empacado,422,50,2.4,0.0,4.9,No
TRX-1757,2026-04-20 22:48:58.680483,Soacha,Cafe_Empacado,837,794,0.8,0.0,4.4,No
TRX-1271,2026-04-20 22:48:58.680483,Tenjo,Cafe_Empacado,347,50,1.9,0.0,4.7,No
TRX-1244,2026-04-20 22:48:58.680483,Soacha,Cafe_Empacado,387,408,3.0,0.0,1.0,Si
TRX-1912,2026-04-20 22:48:58.680483,Soacha,Cafe_Empacado,818,773,1.0,0.0,4.2,No
TRX-1548,2026-04-20 22:48:58.680483,Soacha,Insumos_Pasteleria,980,960,1.1,0.0,4.2,No
TRX-1934,2026-04-21 22:48:58.680483,Tenjo,Cafe_Empacado,336,126,1.1,0.0,4.9,No
TRX-1538,2026-04-21 22:48:58.680483,Tenjo,Lacteos_Frio,766,748,2.4,0.0,4.6,No
TRX-1246,2026-04-21 22:48:58.680483,Tenjo,Insumos_Pasteleria,999,1102,5.2,0.0,2.7,Si
TRX-1951,2026-04-21 22:48:58.680483,Soacha,Cafe_Empacado,812,403,0.6,0.0,4.3,No
TRX-1634,2026-04-21 22:48:58.680483,Soacha,Lacteos_Frio,222,291,4.9,10.6,2.7,Si
TRX-1545,2026-04-21 22:48:58.680483,Soacha,Lacteos_Frio,432,376,1.9,0.0,4.6,No
TRX-1266,2026-04-21 22:48:58.680483,Tenjo,Cafe_Empacado,395,219,0.6,0.0,4.3,No
TRX-1896,2026-04-21 22:48:58.680483,Soacha,Insumos_Pasteleria,531,665,3.5,0.0,2.5,Si
TRX-1181,2026-04-21 22:48:58.680483,Tenjo,Lacteos_Frio,858,862,3.6,23.0,1.2,Si
TRX-1188,2026-04-21 22:48:58.680483,Soacha,Lacteos_Frio,577,517,0.9,0.0,4.9,No
TRX-1850,2026-04-21 22:48:58.680483,Tenjo,Cafe_Empacado,937,678,1.7,0.0,5.0,No
TRX-1190,2026-04-21 22:48:58.680483,Soacha,Cafe_Empacado,854,332,2.4,0.0,4.3,No
TRX-1739,2026-04-21 22:48:58.680483,Soacha,Lacteos_Frio,701,563,1.2,0.0,4.9,No
TRX-1192,2026-04-21 22:48:58.680483,Soacha,Cafe_Empacado,969,1163,4.5,0.0,1.0,Si
TRX-1415,2026-04-22 22:48:58.680483,Soacha,Insumos_Pasteleria,415,395,1.0,0.0,5.0,No
TRX-1344,2026-04-22 22:48:58.680483,Tenjo,Lacteos_Frio,553,553,1.0,0.0,4.5,No
TRX-1520,2026-04-22 22:48:58.680483,Tenjo,Cafe_Empacado,361,504,4.7,0.0,1.8,Si
TRX-1693,2026-04-23 22:48:58.680483,Tenjo,Lacteos_Frio,732,564,1.5,0.0,4.8,No
TRX-1872,2026-04-23 22:48:58.680483,Soacha,Cafe_Empacado,719,760,3.1,0.0,2.5,Si
TRX-1516,2026-04-23 22:48:58.680483,Soacha,Cafe_Empacado,727,589,1.9,0.0,4.3,No
TRX-1376,2026-04-23 22:48:58.680483,Soacha,Cafe_Empacado,719,447,2.3,0.0,4.7,No
TRX-1296,2026-04-23 22:48:58.680483,Soacha,Insumos_Pasteleria,642,581,1.5,0.0,4.5,No
TRX-1796,2026-04-23 22:48:58.680483,Soacha,Cafe_Empacado,830,622,0.8,0.0,4.5,No
TRX-1864,2026-04-23 22:48:58.680483,Tenjo,Lacteos_Frio,789,545,1.6,0.0,4.3,No
TRX-1211,2026-04-24 22:48:58.680483,Tenjo,Cafe_Empacado,804,696,1.4,0.0,4.3,No
TRX-1264,2026-04-24 22:48:58.680483,Tenjo,Lacteos_Frio,867,810,0.6,0.0,4.3,No
TRX-1331,2026-04-24 22:48:58.680483,Soacha,Lacteos_Frio,308,259,2.1,0.0,4.0,No
TRX-1166,2026-04-24 22:48:58.680483,Soacha,Cafe_Empacado,352,368,3.7,0.0,2.8,Si
TRX-1406,2026-04-24 22:48:58.680483,Tenjo,Cafe_Empacado,819,916,4.8,0.0,1.2,Si
TRX-1672,2026-04-25 22:48:58.680483,Tenjo,Cafe_Empacado,528,446,2.4,0.0,4.9,No
TRX-1443,2026-04-25 22:48:58.680483,Tenjo,Lacteos_Frio,212,276,3.7,24.2,1.7,Si
TRX-1427,2026-04-25 22:48:58.680483,Soacha,Cafe_Empacado,803,757,0.7,0.0,4.5,No
TRX-1011,2026-04-25 22:48:58.680483,Soacha,Cafe_Empacado,533,411,1.0,0.0,4.7,No
TRX-1639,2026-04-25 22:48:58.680483,Soacha,Cafe_Empacado,735,466,1.4,0.0,4.0,No
TRX-1995,2026-04-25 22:48:58.680483,Soacha,Lacteos_Frio,465,503,4.6,7.5,3.2,Si
TRX-1661,2026-04-25 22:48:58.680483,Tenjo,Insumos_Pasteleria,426,353,1.0,0.0,4.6,No
TRX-1564,2026-04-25 22:48:58.680483,Soacha,Cafe_Empacado,683,678,1.1,0.0,4.3,No
TRX-1321,2026-04-25 22:48:58.680483,Soacha,Cafe_Empacado,907,1063,4.5,0.0,2.1,Si
TRX-1748,2026-04-26 22:48:58.680483,Soacha,Lacteos_Frio,333,50,0.5,0.0,4.6,No
TRX-1663,2026-04-26 22:48:58.680483,Soacha,Cafe_Empacado,654,396,0.8,0.0,4.5,No
TRX-1177,2026-04-26 22:48:58.680483,Soacha,Insumos_Pasteleria,838,749,1.0,0.0,4.8,No
TRX-1440,2026-04-26 22:48:58.680483,Soacha,Cafe_Empacado,774,513,0.9,0.0,4.9,No
TRX-1650,2026-04-26 22:48:58.680483,Tenjo,Cafe_Empacado,492,621,4.3,0.0,3.0,Si
TRX-1933,2026-04-26 22:48:58.680483,Soacha,Lacteos_Frio,243,50,0.6,0.0,4.5,No
TRX-1703,2026-04-26 22:48:58.680483,Soacha,Cafe_Empacado,764,475,2.3,0.0,4.4,No
TRX-1947,2026-04-26 22:48:58.680483,Tenjo,Cafe_Empacado,766,561,2.1,0.0,4.8,No
TRX-1801,2026-04-26 22:48:58.680483,Tenjo,Cafe_Empacado,342,216,0.6,0.0,4.1,No
TRX-1874,2026-04-27 22:48:58.680483,Soacha,Lacteos_Frio,692,754,3.8,20.5,2.6,Si
TRX-1701,2026-04-27 22:48:58.680483,Soacha,Cafe_Empacado,253,50,1.5,0.0,4.8,No
TRX-1297,2026-04-27 22:48:58.680483,Tenjo,Lacteos_Frio,778,684,1.9,0.0,4.6,No
TRX-1421,2026-04-28 22:48:58.680483,Tenjo,Cafe_Empacado,698,667,1.5,0.0,4.4,No
TRX-1996,2026-04-28 22:48:58.680483,Soacha,Lacteos_Frio,514,758,3.9,8.8,1.4,Si
TRX-1261,2026-04-28 22:48:58.680483,Soacha,Lacteos_Frio,878,735,2.1,0.0,4.1,No
TRX-1523,2026-04-28 22:48:58.680483,Soacha,Cafe_Empacado,855,626,2.0,0.0,4.0,No
TRX-1165,2026-04-29 22:48:58.680483,Tenjo,Lacteos_Frio,719,536,1.9,0.0,4.1,No
TRX-1838,2026-04-29 22:48:58.680483,Soacha,Cafe_Empacado,885,786,1.1,0.0,5.0,No
TRX-1163,2026-04-29 22:48:58.680483,Tenjo,Cafe_Empacado,449,50,0.9,0.0,4.1,No
TRX-1907,2026-04-29 22:48:58.680483,Tenjo,Insumos_Pasteleria,996,821,2.0,0.0,4.4,No
TRX-1597,2026-04-30 22:48:58.680483,Soacha,Insumos_Pasteleria,985,856,1.0,0.0,4.8,No
TRX-1814,2026-04-30 22:48:58.680483,Tenjo,Cafe_Empacado,224,50,1.1,0.0,5.0,No
TRX-1580,2026-04-30 22:48:58.680483,Soacha,Cafe_Empacado,258,296,5.3,0.0,2.5,Si
TRX-1435,2026-04-30 22:48:58.680483,Tenjo,Lacteos_Frio,528,470,0.8,0.0,4.4,No
TRX-1008,2026-04-30 22:48:58.680483,Soacha,Cafe_Empacado,853,726,1.9,0.0,4.3,No
TRX-1674,2026-04-30 22:48:58.680483,Tenjo,Insumos_Pasteleria,658,812,4.1,0.0,2.2,Si
TRX-1750,2026-05-01 22:48:58.680483,Soacha,Lacteos_Frio,935,864,2.4,0.0,4.7,No
TRX-1570,2026-05-01 22:48:58.680483,Tenjo,Insumos_Pasteleria,213,428,3.9,0.0,2.9,Si
TRX-1206,2026-05-01 22:48:58.680483,Tenjo,Cafe_Empacado,283,50,2.4,0.0,4.0,No
TRX-1102,2026-05-01 22:48:58.680483,Tenjo,Cafe_Empacado,648,612,2.0,0.0,4.9,No
TRX-1083,2026-05-02 22:48:58.680483,Soacha,Insumos_Pasteleria,361,432,5.0,0.0,1.2,Si
TRX-1416,2026-05-02 22:48:58.680483,Soacha,Cafe_Empacado,606,559,2.1,0.0,4.9,No
TRX-1216,2026-05-02 22:48:58.680483,Tenjo,Insumos_Pasteleria,457,298,1.7,0.0,4.2,No
TRX-1488,2026-05-02 22:48:58.680483,Tenjo,Cafe_Empacado,387,50,1.8,0.0,4.8,No
TRX-1131,2026-05-02 22:48:58.680483,Tenjo,Cafe_Empacado,543,571,3.8,0.0,1.9,Si
TRX-1324,2026-05-02 22:48:58.680483,Soacha,Cafe_Empacado,568,564,1.5,0.0,4.2,No
TRX-1386,2026-05-03 22:48:58.680483,Soacha,Cafe_Empacado,466,254,0.5,0.0,4.3,No
TRX-1439,2026-05-04 22:48:58.680483,Soacha,Insumos_Pasteleria,346,70,1.7,0.0,4.2,No
TRX-1621,2026-05-04 22:48:58.680483,Soacha,Cafe_Empacado,376,137,0.7,0.0,4.5,No
TRX-1960,2026-05-04 22:48:58.680483,Soacha,Cafe_Empacado,637,570,1.6,0.0,4.8,No
TRX-1794,2026-05-04 22:48:58.680483,Soacha,Lacteos_Frio,303,50,2.3,0.0,4.8,No
TRX-1624,2026-05-04 22:48:58.680483,Soacha,Insumos_Pasteleria,767,778,5.2,0.0,1.0,Si
TRX-1199,2026-05-04 22:48:58.680483,Soacha,Cafe_Empacado,762,626,1.0,0.0,4.7,No
TRX-1879,2026-05-04 22:48:58.680483,Tenjo,Insumos_Pasteleria,951,775,0.5,0.0,4.8,No
TRX-1854,2026-05-05 22:48:58.680483,Soacha,Cafe_Empacado,321,262,0.8,0.0,4.3,No
TRX-1430,2026-05-05 22:48:58.680483,Tenjo,Cafe_Empacado,971,882,1.5,0.0,4.8,No
TRX-1628,2026-05-05 22:48:58.680483,Soacha,Insumos_Pasteleria,897,1080,3.8,0.0,2.6,Si
TRX-1349,2026-05-05 22:48:58.680483,Soacha,Cafe_Empacado,696,159,0.8,0.0,5.0,No
TRX-1276,2026-05-06 22:48:58.680483,Soacha,Lacteos_Frio,618,757,5.5,21.6,3.0,Si
TRX-1230,2026-05-06 22:48:58.680483,Soacha,Insumos_Pasteleria,704,605,1.2,0.0,4.2,No
TRX-1160,2026-05-06 22:48:58.680483,Soacha,Cafe_Empacado,500,606,4.1,0.0,1.8,Si
TRX-1481,2026-05-06 22:48:58.680483,Tenjo,Insumos_Pasteleria,224,66,2.4,0.0,4.6,No
TRX-1293,2026-05-06 22:48:58.680483,Soacha,Cafe_Empacado,633,399,0.7,0.0,4.6,No
TRX-1289,2026-05-06 22:48:58.680483,Soacha,Lacteos_Frio,685,535,0.8,0.0,4.1,No
TRX-1335,2026-05-06 22:48:58.680483,Tenjo,Cafe_Empacado,268,636,4.2,0.0,2.4,Si
TRX-1559,2026-05-06 22:48:58.680483,Tenjo,Cafe_Empacado,222,151,1.8,0.0,4.7,No
TRX-1719,2026-05-07 22:48:58.680483,Soacha,Lacteos_Frio,216,50,1.5,0.0,4.2,No
TRX-1162,2026-05-07 22:48:58.680483,Soacha,Insumos_Pasteleria,302,353,4.8,0.0,3.1,Si
TRX-1093,2026-05-07 22:48:58.680483,Soacha,Cafe_Empacado,772,859,3.6,0.0,1.0,Si
TRX-1433,2026-05-07 22:48:58.680483,Soacha,Cafe_Empacado,247,391,4.9,0.0,3.1,Si
TRX-1234,2026-05-07 22:48:58.680483,Soacha,Lacteos_Frio,637,597,1.9,0.0,4.8,No
TRX-1248,2026-05-07 22:48:58.680483,Tenjo,Cafe_Empacado,394,574,4.0,0.0,2.0,Si
TRX-1197,2026-05-07 22:48:58.680483,Tenjo,Cafe_Empacado,465,442,2.1,0.0,4.1,No
TRX-1444,2026-05-07 22:48:58.680483,Tenjo,Cafe_Empacado,693,439,1.3,0.0,4.5,No
TRX-1200,2026-05-08 22:48:58.680483,Tenjo,Lacteos_Frio,317,181,1.5,0.0,4.5,No
TRX-1194,2026-05-08 22:48:58.680483,Soacha,Cafe_Empacado,304,61,0.7,0.0,4.3,No
TRX-1859,2026-05-08 22:48:58.680483,Soacha,Lacteos_Frio,493,173,1.9,0.0,4.7,No
TRX-1507,2026-05-08 22:48:58.680483,Tenjo,Cafe_Empacado,970,966,0.8,0.0,4.0,No
TRX-1351,2026-05-08 22:48:58.680483,Tenjo,Insumos_Pasteleria,582,468,2.2,0.0,4.3,No
TRX-1186,2026-05-08 22:48:58.680483,Tenjo,Cafe_Empacado,936,945,3.4,0.0,3.2,Si
TRX-1976,2026-05-08 22:48:58.680483,Tenjo,Cafe_Empacado,810,884,3.3,0.0,1.7,Si
TRX-1022,2026-05-08 22:48:58.680483,Tenjo,Lacteos_Frio,326,240,1.5,0.0,4.8,No
TRX-1973,2026-05-08 22:48:58.680483,Tenjo,Cafe_Empacado,828,686,1.8,0.0,4.4,No
TRX-1051,2026-05-08 22:48:58.680483,Tenjo,Insumos_Pasteleria,207,316,5.1,0.0,2.5,Si
TRX-1187,2026-05-09 22:48:58.680483,Soacha,Insumos_Pasteleria,531,383,0.5,0.0,4.6,No
TRX-1015,2026-05-09 22:48:58.680483,Tenjo,Cafe_Empacado,267,248,0.7,0.0,4.8,No
TRX-1632,2026-05-09 22:48:58.680483,Soacha,Cafe_Empacado,831,699,1.4,0.0,4.2,No
TRX-1121,2026-05-09 22:48:58.680483,Soacha,Insumos_Pasteleria,801,674,0.5,0.0,4.3,No
TRX-1257,2026-05-09 22:48:58.680483,Soacha,Cafe_Empacado,871,988,4.4,0.0,1.6,Si
TRX-1922,2026-05-09 22:48:58.680483,Soacha,Insumos_Pasteleria,694,846,5.0,0.0,1.0,Si
TRX-1037,2026-05-09 22:48:58.680483,Soacha,Lacteos_Frio,966,535,0.8,0.0,4.6,No
TRX-1610,2026-05-10 22:48:58.680483,Tenjo,Cafe_Empacado,832,1111,5.1,0.0,1.5,Si
TRX-1063,2026-05-10 22:48:58.680483,Tenjo,Cafe_Empacado,225,50,2.2,0.0,4.8,No
TRX-1784,2026-05-10 22:48:58.680483,Soacha,Cafe_Empacado,809,602,1.9,0.0,4.3,No
TRX-1804,2026-05-10 22:48:58.680483,Soacha,Lacteos_Frio,477,439,2.4,0.0,4.7,No
TRX-1137,2026-05-10 22:48:58.680483,Tenjo,Insumos_Pasteleria,382,242,1.2,0.0,4.8,No
TRX-1806,2026-05-10 22:48:58.680483,Soacha,Insumos_Pasteleria,728,611,0.8,0.0,4.7,No
TRX-1044,2026-05-10 22:48:58.680483,Soacha,Lacteos_Frio,644,693,3.0,8.9,1.4,Si
TRX-1581,2026-05-11 22:48:58.680483,Soacha,Cafe_Empacado,670,575,2.0,0.0,4.7,No
TRX-1826,2026-05-11 22:48:58.680483,Tenjo,Lacteos_Frio,690,252,0.9,0.0,4.0,No
TRX-1782,2026-05-11 22:48:58.680483,Soacha,Insumos_Pasteleria,688,812,4.4,0.0,2.5,Si
TRX-1754,2026-05-11 22:48:58.680483,Tenjo,Cafe_Empacado,254,100,0.9,0.0,4.0,No
TRX-1944,2026-05-11 22:48:58.680483,Tenjo,Cafe_Empacado,369,306,1.2,0.0,4.7,No
TRX-1724,2026-05-11 22:48:58.680483,Soacha,Lacteos_Frio,370,422,4.0,18.1,1.9,Si
TRX-1966,2026-05-12 22:48:58.680483,Tenjo,Insumos_Pasteleria,328,311,1.4,0.0,4.3,No
TRX-1065,2026-05-12 22:48:58.680483,Tenjo,Insumos_Pasteleria,605,296,1.1,0.0,4.8,No
TRX-1932,2026-05-12 22:48:58.680483,Tenjo,Cafe_Empacado,285,50,1.3,0.0,4.1,No
TRX-1691,2026-05-12 22:48:58.680483,Soacha,Cafe_Empacado,264,99,0.6,0.0,4.2,No
TRX-1640,2026-05-12 22:48:58.680483,Tenjo,Cafe_Empacado,722,852,4.6,0.0,2.6,Si
TRX-1152,2026-05-12 22:48:58.680483,Tenjo,Cafe_Empacado,218,161,2.2,0.0,4.8,No
TRX-1106,2026-05-13 22:48:58.680483,Tenjo,Cafe_Empacado,952,629,1.7,0.0,4.9,No
TRX-1518,2026-05-13 22:48:58.680483,Soacha,Cafe_Empacado,856,859,3.8,0.0,1.6,Si
TRX-1367,2026-05-13 22:48:58.680483,Tenjo,Cafe_Empacado,298,470,4.8,0.0,2.4,Si
TRX-1291,2026-05-13 22:48:58.680483,Soacha,Lacteos_Frio,587,411,1.7,0.0,4.7,No
TRX-1039,2026-05-13 22:48:58.680483,Tenjo,Lacteos_Frio,524,552,5.2,11.1,1.1,Si
TRX-1098,2026-05-14 22:48:58.680483,Soacha,Lacteos_Frio,847,398,1.0,0.0,4.5,No
TRX-1939,2026-05-14 22:48:58.680483,Tenjo,Cafe_Empacado,711,666,1.7,0.0,4.3,No
TRX-1678,2026-05-14 22:48:58.680483,Tenjo,Lacteos_Frio,948,1055,4.1,5.3,2.7,Si
TRX-1094,2026-05-14 22:48:58.680483,Tenjo,Cafe_Empacado,979,888,2.3,0.0,4.9,No
TRX-1603,2026-05-14 22:48:58.680483,Tenjo,Insumos_Pasteleria,287,307,3.3,0.0,2.1,Si
TRX-1290,2026-05-14 22:48:58.680483,Tenjo,Lacteos_Frio,230,50,1.0,0.0,4.0,No
TRX-1921,2026-05-15 22:48:58.680483,Tenjo,Lacteos_Frio,551,412,0.5,0.0,4.8,No
TRX-1594,2026-05-15 22:48:58.680483,Soacha,Insumos_Pasteleria,640,536,0.6,0.0,4.0,No
TRX-1431,2026-05-15 22:48:58.680483,Tenjo,Cafe_Empacado,564,250,1.8,0.0,4.8,No
TRX-1355,2026-05-15 22:48:58.680483,Soacha,Cafe_Empacado,558,676,3.1,0.0,3.1,Si
TRX-1127,2026-05-15 22:48:58.680483,Tenjo,Lacteos_Frio,562,288,1.0,0.0,4.4,No
TRX-1170,2026-05-15 22:48:58.680483,Soacha,Cafe_Empacado,630,314,1.3,0.0,4.8,No
TRX-1997,2026-05-15 22:48:58.680483,Soacha,Cafe_Empacado,914,795,1.0,0.0,4.9,No
TRX-1886,2026-05-16 22:48:58.680483,Tenjo,Insumos_Pasteleria,781,747,2.1,0.0,4.6,No
TRX-1971,2026-05-16 22:48:58.680483,Tenjo,Cafe_Empacado,952,1226,4.2,0.0,2.3,Si
TRX-1527,2026-05-16 22:48:58.680483,Soacha,Lacteos_Frio,649,597,1.3,0.0,4.9,No
TRX-1785,2026-05-16 22:48:58.680483,Soacha,Insumos_Pasteleria,425,459,3.9,0.0,2.8,Si
TRX-1471,2026-05-16 22:48:58.680483,Tenjo,Insumos_Pasteleria,463,310,2.0,0.0,4.6,No
TRX-1213,2026-05-17 22:48:58.680483,Tenjo,Cafe_Empacado,586,684,5.5,0.0,2.6,Si
TRX-1096,2026-05-17 22:48:58.680483,Soacha,Cafe_Empacado,929,875,1.2,0.0,4.9,No
TRX-1961,2026-05-17 22:48:58.680483,Soacha,Lacteos_Frio,959,733,2.5,0.0,4.2,No
TRX-1554,2026-05-18 22:48:58.680483,Soacha,Insumos_Pasteleria,480,219,1.2,0.0,4.8,No
TRX-1250,2026-05-18 22:48:58.680483,Soacha,Cafe_Empacado,371,399,4.2,0.0,3.0,Si
TRX-1485,2026-05-18 22:48:58.680483,Tenjo,Cafe_Empacado,340,230,1.2,0.0,4.9,No
TRX-1432,2026-05-18 22:48:58.680483,Tenjo,Cafe_Empacado,362,197,1.0,0.0,4.3,No
TRX-1567,2026-05-18 22:48:58.680483,Soacha,Cafe_Empacado,763,508,0.6,0.0,4.5,No
TRX-1952,2026-05-18 22:48:58.680483,Tenjo,Lacteos_Frio,354,484,3.2,16.6,2.0,Si
TRX-1623,2026-05-19 22:48:58.680483,Tenjo,Cafe_Empacado,823,810,0.8,0.0,4.2,No
TRX-1591,2026-05-19 22:48:58.680483,Soacha,Cafe_Empacado,915,755,0.5,0.0,4.3,No
TRX-1503,2026-05-19 22:48:58.680483,Soacha,Lacteos_Frio,557,484,2.2,0.0,4.3,No
TRX-1688,2026-05-19 22:48:58.680483,Soacha,Insumos_Pasteleria,739,847,4.7,0.0,1.6,Si
TRX-1550,2026-05-19 22:48:58.680483,Soacha,Insumos_Pasteleria,602,342,1.7,0.0,4.7,No
TRX-1124,2026-05-20 22:48:58.680483,Tenjo,Lacteos_Frio,903,702,0.7,0.0,4.8,No
TRX-1956,2026-05-20 22:48:58.680483,Tenjo,Cafe_Empacado,372,264,2.3,0.0,4.9,No
TRX-1761,2026-05-20 22:48:58.680483,Soacha,Insumos_Pasteleria,754,426,1.3,0.0,4.3,No
TRX-1375,2026-05-20 22:48:58.680483,Tenjo,Lacteos_Frio,364,99,2.5,0.0,4.1,No
TRX-1285,2026-05-20 22:48:58.680483,Tenjo,Cafe_Empacado,887,700,1.4,0.0,4.6,No
TRX-1579,2026-05-20 22:48:58.680483,Tenjo,Lacteos_Frio,404,557,5.5,18.0,1.7,Si
TRX-1377,2026-05-21 22:48:58.680483,Soacha,Lacteos_Frio,483,142,2.2,0.0,4.2,No
TRX-1658,2026-05-21 22:48:58.680483,Soacha,Cafe_Empacado,695,422,1.7,0.0,4.5,No
TRX-1139,2026-05-21 22:48:58.680483,Soacha,Cafe_Empacado,750,656,1.9,0.0,4.5,No
TRX-1984,2026-05-21 22:48:58.680483,Soacha,Insumos_Pasteleria,315,271,1.1,0.0,4.2,No
TRX-1458,2026-05-22 22:48:58.680483,Soacha,Cafe_Empacado,403,256,2.5,0.0,4.3,No
TRX-1802,2026-05-22 22:48:58.680483,Tenjo,Insumos_Pasteleria,999,716,1.4,0.0,4.8,No
TRX-1214,2026-05-22 22:48:58.680483,Soacha,Cafe_Empacado,549,198,2.1,0.0,4.6,No
TRX-1451,2026-05-22 22:48:58.680483,Soacha,Lacteos_Frio,548,423,2.2,0.0,4.6,No
TRX-1563,2026-05-22 22:48:58.680483,Tenjo,Cafe_Empacado,209,50,2.4,0.0,4.2,No
TRX-1413,2026-05-22 22:48:58.680483,Soacha,Cafe_Empacado,786,494,1.5,0.0,4.7,No
TRX-1665,2026-05-22 22:48:58.680483,Soacha,Insumos_Pasteleria,409,543,3.3,0.0,1.1,Si
TRX-1374,2026-05-22 22:48:58.680483,Soacha,Insumos_Pasteleria,986,1122,3.5,0.0,1.8,Si
TRX-1242,2026-05-22 22:48:58.680483,Soacha,Cafe_Empacado,833,956,4.2,0.0,3.2,Si
TRX-1573,2026-05-22 22:48:58.680483,Soacha,Cafe_Empacado,252,241,1.7,0.0,4.2,No
TRX-1207,2026-05-23 22:48:58.680483,Soacha,Insumos_Pasteleria,653,384,0.6,0.0,4.7,No
TRX-1588,2026-05-23 22:48:58.680483,Soacha,Lacteos_Frio,553,468,2.3,0.0,4.5,No
TRX-1685,2026-05-23 22:48:58.680483,Soacha,Lacteos_Frio,227,55,1.0,0.0,4.6,No
TRX-1731,2026-05-23 22:48:58.680483,Soacha,Insumos_Pasteleria,355,275,1.0,0.0,4.5,No
TRX-1786,2026-05-23 22:48:58.680483,Tenjo,Cafe_Empacado,611,432,0.7,0.0,4.7,No
TRX-1756,2026-05-23 22:48:58.680483,Soacha,Cafe_Empacado,955,899,2.0,0.0,4.4,No
TRX-1292,2026-05-23 22:48:58.680483,Tenjo,Insumos_Pasteleria,824,602,1.9,0.0,4.3,No
TRX-1420,2026-05-23 22:48:58.680483,Tenjo,Lacteos_Frio,960,764,2.2,0.0,4.8,No
TRX-1882,2026-05-23 22:48:58.680483,Soacha,Lacteos_Frio,249,50,1.2,0.0,4.1,No
TRX-1607,2026-05-23 22:48:58.680483,Tenjo,Cafe_Empacado,356,381,4.7,0.0,1.0,Si
TRX-1070,2026-05-24 22:48:58.680483,Soacha,Insumos_Pasteleria,704,630,1.5,0.0,4.5,No
TRX-1889,2026-05-24 22:48:58.680483,Tenjo,Lacteos_Frio,779,558,2.0,0.0,4.3,No
TRX-1705,2026-05-24 22:48:58.680483,Tenjo,Insumos_Pasteleria,252,137,0.6,0.0,4.5,No
TRX-1654,2026-05-24 22:48:58.680483,Tenjo,Lacteos_Frio,739,451,1.4,0.0,4.6,No
TRX-1584,2026-05-24 22:48:58.680483,Tenjo,Insumos_Pasteleria,211,275,4.3,0.0,1.9,Si
TRX-1275,2026-05-24 22:48:58.680483,Tenjo,Lacteos_Frio,643,182,0.8,0.0,4.8,No
TRX-1652,2026-05-25 22:48:58.680483,Soacha,Cafe_Empacado,701,635,1.6,0.0,4.0,No
TRX-1472,2026-05-25 22:48:58.680483,Tenjo,Lacteos_Frio,993,816,1.7,0.0,4.7,No
TRX-1419,2026-05-25 22:48:58.680483,Soacha,Cafe_Empacado,903,907,3.7,0.0,2.6,Si
TRX-1198,2026-05-25 22:48:58.680483,Soacha,Cafe_Empacado,409,298,2.5,0.0,4.3,No
TRX-1224,2026-05-25 22:48:58.680483,Soacha,Cafe_Empacado,773,831,3.9,0.0,1.9,Si
TRX-1222,2026-05-25 22:48:58.680483,Tenjo,Cafe_Empacado,556,605,3.6,0.0,1.5,Si
TRX-1313,2026-05-25 22:48:58.680483,Soacha,Insumos_Pasteleria,321,281,0.5,0.0,4.4,No
TRX-1255,2026-05-25 22:48:58.680483,Soacha,Insumos_Pasteleria,274,265,0.7,0.0,4.4,No
TRX-1816,2026-05-25 22:48:58.680483,Soacha,Lacteos_Frio,706,501,2.4,0.0,4.3,No
TRX-1555,2026-05-25 22:48:58.680483,Soacha,Insumos_Pasteleria,925,657,1.7,0.0,4.3,No
TRX-1258,2026-05-26 22:48:58.680483,Tenjo,Insumos_Pasteleria,317,82,1.8,0.0,4.2,No
TRX-1626,2026-05-26 22:48:58.680483,Soacha,Cafe_Empacado,620,725,3.6,0.0,1.3,Si
TRX-1225,2026-05-26 22:48:58.680483,Soacha,Lacteos_Frio,248,214,2.2,0.0,4.1,No
TRX-1288,2026-05-26 22:48:58.680483,Soacha,Lacteos_Frio,403,265,1.3,0.0,4.8,No
TRX-1220,2026-05-26 22:48:58.680483,Soacha,Lacteos_Frio,434,462,5.2,16.2,2.5,Si
TRX-1720,2026-05-27 22:48:58.680483,Tenjo,Lacteos_Frio,979,858,0.8,0.0,4.4,No
TRX-1648,2026-05-27 22:48:58.680483,Tenjo,Cafe_Empacado,922,725,1.4,0.0,4.7,No
TRX-1823,2026-05-27 22:48:58.680483,Tenjo,Cafe_Empacado,559,502,1.5,0.0,4.7,No
TRX-1016,2026-05-28 22:48:58.680483,Soacha,Lacteos_Frio,975,892,0.8,0.0,4.6,No
TRX-1387,2026-05-28 22:48:58.680483,Tenjo,Lacteos_Frio,884,529,1.0,0.0,4.2,No
TRX-1909,2026-05-28 22:48:58.680483,Soacha,Cafe_Empacado,324,79,1.5,0.0,4.8,No
TRX-1759,2026-05-29 22:48:58.680483,Soacha,Cafe_Empacado,727,865,4.5,0.0,1.7,Si
TRX-1237,2026-05-29 22:48:58.680483,Tenjo,Insumos_Pasteleria,619,155,2.4,0.0,4.1,No
TRX-1572,2026-05-29 22:48:58.680483,Tenjo,Cafe_Empacado,611,787,3.6,0.0,1.6,Si
TRX-1798,2026-05-29 22:48:58.680483,Soacha,Lacteos_Frio,807,939,4.4,22.4,1.8,Si
TRX-1348,2026-05-29 22:48:58.680483,Tenjo,Cafe_Empacado,961,978,5.4,0.0,1.1,Si
TRX-1112,2026-05-29 22:48:58.680483,Soacha,Lacteos_Frio,888,793,1.0,0.0,4.5,No
TRX-1535,2026-05-29 22:48:58.680483,Soacha,Cafe_Empacado,650,435,1.6,0.0,4.4,No
TRX-1970,2026-05-29 22:48:58.680483,Soacha,Insumos_Pasteleria,526,469,1.1,0.0,4.5,No
TRX-1138,2026-05-29 22:48:58.680483,Tenjo,Cafe_Empacado,240,199,1.6,0.0,4.1,No
TRX-1868,2026-05-29 22:48:58.680483,Tenjo,Cafe_Empacado,933,862,0.9,0.0,4.4,No
TRX-1534,2026-05-30 22:48:58.680483,Soacha,Cafe_Empacado,494,378,2.5,0.0,4.0,No
TRX-1529,2026-05-30 22:48:58.680483,Soacha,Lacteos_Frio,212,50,1.3,0.0,4.1,No
TRX-1259,2026-05-30 22:48:58.680483,Soacha,Cafe_Empacado,811,596,0.8,0.0,4.9,No
TRX-1364,2026-05-30 22:48:58.680483,Soacha,Lacteos_Frio,634,420,1.0,0.0,4.3,No
TRX-1985,2026-05-30 22:48:58.680483,Soacha,Cafe_Empacado,892,607,1.9,0.0,4.6,No
TRX-1919,2026-05-30 22:48:58.680483,Soacha,Insumos_Pasteleria,207,50,1.4,0.0,4.0,No
TRX-1175,2026-05-30 22:48:58.680483,Tenjo,Cafe_Empacado,523,399,0.6,0.0,4.9,No
TRX-1014,2026-05-30 22:48:58.680483,Tenjo,Lacteos_Frio,907,907,1.3,0.0,4.5,No
TRX-1484,2026-05-30 22:48:58.680483,Soacha,Insumos_Pasteleria,748,744,2.4,0.0,4.0,No
TRX-1926,2026-05-30 22:48:58.680483,Tenjo,Cafe_Empacado,792,681,0.7,0.0,4.9,No
TRX-1263,2026-05-30 22:48:58.680483,Soacha,Lacteos_Frio,639,216,2.3,0.0,4.5,No
TRX-1670,2026-05-30 22:48:58.680483,Soacha,Insumos_Pasteleria,727,443,0.7,0.0,4.7,No
TRX-1384,2026-05-31 22:48:58.680483,Tenjo,Insumos_Pasteleria,290,428,4.9,0.0,2.6,Si
TRX-1363,2026-05-31 22:48:58.680483,Tenjo,Cafe_Empacado,338,395,3.3,0.0,1.5,Si
TRX-1695,2026-05-31 22:48:58.680483,Tenjo,Cafe_Empacado,434,339,2.1,0.0,4.7,No
TRX-1635,2026-05-31 22:48:58.680483,Soacha,Cafe_Empacado,924,936,5.3,0.0,2.4,Si
TRX-1273,2026-05-31 22:48:58.680483,Tenjo,Cafe_Empacado,868,673,2.0,0.0,4.5,No
TRX-1082,2026-06-01 22:48:58.680483,Soacha,Cafe_Empacado,393,403,3.6,0.0,1.2,Si
TRX-1861,2026-06-01 22:48:58.680483,Soacha,Cafe_Empacado,797,661,0.9,0.0,4.9,No
TRX-1746,2026-06-01 22:48:58.680483,Soacha,Insumos_Pasteleria,873,664,1.8,0.0,4.5,No
TRX-1946,2026-06-01 22:48:58.680483,Tenjo,Lacteos_Frio,521,607,4.0,24.9,1.6,Si
TRX-1450,2026-06-01 22:48:58.680483,Soacha,Lacteos_Frio,221,50,2.4,0.0,4.2,No
TRX-1513,2026-06-01 22:48:58.680483,Tenjo,Lacteos_Frio,282,405,5.0,21.9,2.2,Si
TRX-1809,2026-06-02 22:48:58.680483,Soacha,Cafe_Empacado,691,570,2.2,0.0,4.4,No
TRX-1684,2026-06-02 22:48:58.680483,Soacha,Lacteos_Frio,202,393,3.8,15.2,1.3,Si
TRX-1350,2026-06-02 22:48:58.680483,Soacha,Cafe_Empacado,540,328,2.2,0.0,5.0,No
TRX-1834,2026-06-02 22:48:58.680483,Tenjo,Cafe_Empacado,768,714,2.4,0.0,4.6,No
TRX-1169,2026-06-02 22:48:58.680483,Tenjo,Insumos_Pasteleria,869,623,0.7,0.0,4.4,No
TRX-1671,2026-06-03 22:48:58.680483,Soacha,Lacteos_Frio,848,598,2.3,0.0,4.4,No
TRX-1085,2026-06-04 22:48:58.680483,Tenjo,Lacteos_Frio,560,139,2.3,0.0,4.8,No
TRX-1522,2026-06-04 22:48:58.680483,Soacha,Cafe_Empacado,579,426,1.9,0.0,4.6,No
TRX-1687,2026-06-04 22:48:58.680483,Soacha,Lacteos_Frio,348,335,2.0,0.0,4.2,No
TRX-1020,2026-06-05 22:48:58.680483,Soacha,Cafe_Empacado,797,808,4.5,0.0,1.3,Si
TRX-1319,2026-06-05 22:48:58.680483,Soacha,Cafe_Empacado,286,235,2.1,0.0,4.7,No
TRX-1418,2026-06-05 22:48:58.680483,Tenjo,Lacteos_Frio,914,914,2.1,0.0,4.7,No
TRX-1299,2026-06-05 22:48:58.680483,Tenjo,Cafe_Empacado,756,581,1.1,0.0,4.5,No
TRX-1238,2026-06-06 22:48:58.680483,Tenjo,Insumos_Pasteleria,810,856,4.3,0.0,2.9,Si
TRX-1659,2026-06-06 22:48:58.680483,Soacha,Cafe_Empacado,857,848,1.4,0.0,4.8,No
TRX-1613,2026-06-06 22:48:58.680483,Tenjo,Lacteos_Frio,858,962,3.9,18.7,3.0,Si
TRX-1252,2026-06-07 22:48:58.680483,Tenjo,Lacteos_Frio,262,89,2.2,0.0,4.2,No
TRX-1644,2026-06-07 22:48:58.680483,Soacha,Lacteos_Frio,992,1000,4.7,8.9,2.1,Si
TRX-1811,2026-06-07 22:48:58.680483,Tenjo,Cafe_Empacado,561,541,1.8,0.0,4.6,No
TRX-1178,2026-06-07 22:48:58.680483,Tenjo,Cafe_Empacado,619,627,3.9,0.0,1.3,Si
TRX-1482,2026-06-07 22:48:58.680483,Soacha,Insumos_Pasteleria,748,662,1.1,0.0,4.4,No
TRX-1204,2026-06-07 22:48:58.680483,Tenjo,Lacteos_Frio,739,878,4.7,17.8,2.1,Si
TRX-1144,2026-06-07 22:48:58.680483,Soacha,Lacteos_Frio,858,639,2.0,0.0,4.8,No
TRX-1203,2026-06-07 22:48:58.680483,Soacha,Cafe_Empacado,750,595,1.5,0.0,4.4,No
TRX-1332,2026-06-07 22:48:58.680483,Tenjo,Lacteos_Frio,935,777,1.3,0.0,4.9,No
TRX-1024,2026-06-08 22:48:58.680483,Tenjo,Lacteos_Frio,894,584,2.0,0.0,4.6,No
TRX-1354,2026-06-08 22:48:58.680483,Tenjo,Cafe_Empacado,338,106,1.1,0.0,4.6,No
TRX-1333,2026-06-08 22:48:58.680483,Tenjo,Lacteos_Frio,477,276,1.1,0.0,4.8,No
TRX-1686,2026-06-08 22:48:58.680483,Tenjo,Lacteos_Frio,525,116,0.7,0.0,4.9,No
TRX-1490,2026-06-08 22:48:58.680483,Soacha,Lacteos_Frio,400,389,2.0,0.0,4.2,No
TRX-1228,2026-06-08 22:48:58.680483,Soacha,Cafe_Empacado,478,436,1.3,0.0,4.8,No
TRX-1637,2026-06-08 22:48:58.680483,Soacha,Lacteos_Frio,212,51,0.9,0.0,4.4,No
TRX-1715,2026-06-08 22:48:58.680483,Tenjo,Cafe_Empacado,874,841,1.7,0.0,4.7,No
TRX-1497,2026-06-08 22:48:58.680483,Soacha,Cafe_Empacado,303,359,3.8,0.0,2.0,Si
TRX-1262,2026-06-08 22:48:58.680483,Tenjo,Cafe_Empacado,489,436,0.5,0.0,4.7,No
TRX-1282,2026-06-08 22:48:58.680483,Tenjo,Cafe_Empacado,775,366,1.8,0.0,4.7,No
TRX-1965,2026-06-08 22:48:58.680483,Soacha,Cafe_Empacado,698,113,0.8,0.0,4.1,No
TRX-1109,2026-06-09 22:48:58.680483,Soacha,Cafe_Empacado,490,592,4.3,0.0,2.1,Si
TRX-1998,2026-06-09 22:48:58.680483,Tenjo,Cafe_Empacado,240,77,1.5,0.0,5.0,No
TRX-1747,2026-06-09 22:48:58.680483,Tenjo,Cafe_Empacado,620,483,1.2,0.0,4.1,No
TRX-1072,2026-06-09 22:48:58.680483,Tenjo,Lacteos_Frio,378,384,3.8,22.4,2.6,Si
TRX-1515,2026-06-09 22:48:58.680483,Soacha,Lacteos_Frio,557,487,0.5,0.0,4.7,No
TRX-1280,2026-06-10 22:48:58.680483,Tenjo,Insumos_Pasteleria,325,124,0.7,0.0,4.0,No
TRX-1100,2026-06-10 22:48:58.680483,Soacha,Cafe_Empacado,579,452,1.8,0.0,4.8,No
TRX-1099,2026-06-10 22:48:58.680483,Tenjo,Lacteos_Frio,666,768,3.7,23.9,2.1,Si
TRX-1487,2026-06-10 22:48:58.680483,Tenjo,Lacteos_Frio,847,687,2.5,0.0,4.9,No
TRX-1582,2026-06-10 22:48:58.680483,Tenjo,Insumos_Pasteleria,975,1134,3.1,0.0,2.8,Si
TRX-1987,2026-06-10 22:48:58.680483,Tenjo,Insumos_Pasteleria,281,146,2.3,0.0,4.3,No
TRX-1651,2026-06-11 22:48:58.680483,Soacha,Cafe_Empacado,300,172,0.7,0.0,4.6,No
TRX-1267,2026-06-11 22:48:58.680483,Soacha,Lacteos_Frio,620,209,1.2,0.0,4.3,No
TRX-1221,2026-06-11 22:48:58.680483,Soacha,Cafe_Empacado,510,352,1.2,0.0,4.1,No
TRX-1676,2026-06-11 22:48:58.680483,Tenjo,Lacteos_Frio,820,629,0.6,0.0,4.3,No
TRX-1060,2026-06-11 22:48:58.680483,Soacha,Cafe_Empacado,758,465,2.4,0.0,4.8,No
TRX-1524,2026-06-11 22:48:58.680483,Tenjo,Cafe_Empacado,557,155,2.0,0.0,4.5,No
TRX-1526,2026-06-11 22:48:58.680483,Soacha,Lacteos_Frio,521,530,3.0,24.6,3.1,Si
TRX-1172,2026-06-12 22:48:58.680483,Soacha,Cafe_Empacado,888,810,0.5,0.0,4.7,No
TRX-1600,2026-06-12 22:48:58.680483,Soacha,Cafe_Empacado,493,87,2.4,0.0,4.5,No
TRX-1729,2026-06-12 22:48:58.680483,Soacha,Cafe_Empacado,429,324,2.1,0.0,4.9,No
TRX-1766,2026-06-13 22:48:58.680483,Soacha,Insumos_Pasteleria,822,561,1.7,0.0,4.6,No
TRX-1268,2026-06-13 22:48:58.680483,Soacha,Lacteos_Frio,767,636,1.5,0.0,4.2,No
TRX-1776,2026-06-13 22:48:58.680483,Soacha,Cafe_Empacado,244,78,1.5,0.0,4.6,No
TRX-1601,2026-06-13 22:48:58.680483,Tenjo,Cafe_Empacado,408,447,5.1,0.0,1.5,Si
TRX-1638,2026-06-13 22:48:58.680483,Tenjo,Lacteos_Frio,300,305,4.9,17.3,2.9,Si
TRX-1630,2026-06-14 22:48:58.680483,Tenjo,Cafe_Empacado,417,292,0.7,0.0,4.7,No
TRX-1042,2026-06-14 22:48:58.680483,Soacha,Cafe_Empacado,883,654,1.1,0.0,4.3,No
TRX-1578,2026-06-14 22:48:58.680483,Soacha,Cafe_Empacado,459,252,2.5,0.0,4.3,No
TRX-1616,2026-06-14 22:48:58.680483,Soacha,Cafe_Empacado,627,330,1.3,0.0,4.6,No
TRX-1498,2026-06-15 22:48:58.680483,Tenjo,Cafe_Empacado,734,660,0.8,0.0,4.8,No
TRX-1895,2026-06-15 22:48:58.680483,Tenjo,Lacteos_Frio,645,438,0.9,0.0,5.0,No
TRX-1411,2026-06-15 22:48:58.680483,Tenjo,Insumos_Pasteleria,427,520,3.7,0.0,2.2,Si
TRX-1592,2026-06-15 22:48:58.680483,Tenjo,Cafe_Empacado,760,628,2.5,0.0,4.7,No
TRX-1229,2026-06-15 22:48:58.680483,Tenjo,Cafe_Empacado,607,436,1.0,0.0,4.9,No
TRX-1975,2026-06-15 22:48:58.680483,Soacha,Cafe_Empacado,874,766,1.1,0.0,4.7,No
TRX-1281,2026-06-16 22:48:58.680483,Tenjo,Insumos_Pasteleria,594,638,4.9,0.0,2.8,Si
TRX-1899,2026-06-16 22:48:58.680483,Soacha,Lacteos_Frio,800,535,2.0,0.0,4.8,No
TRX-1149,2026-06-17 22:48:58.680483,Tenjo,Lacteos_Frio,200,304,3.3,8.6,3.0,Si
TRX-1393,2026-06-17 22:48:58.680483,Tenjo,Cafe_Empacado,594,537,1.4,0.0,4.5,No
TRX-1820,2026-06-17 22:48:58.680483,Tenjo,Lacteos_Frio,660,575,0.5,0.0,4.6,No
TRX-1593,2026-06-17 22:48:58.680483,Tenjo,Lacteos_Frio,790,725,2.3,0.0,4.1,No
TRX-1359,2026-06-17 22:48:58.680483,Soacha,Cafe_Empacado,479,349,0.7,0.0,4.8,No
TRX-1030,2026-06-17 22:48:58.680483,Tenjo,Cafe_Empacado,467,377,0.5,0.0,5.0,No
TRX-1492,2026-06-18 22:48:58.680483,Tenjo,Cafe_Empacado,456,422,1.1,0.0,4.3,No
TRX-1140,2026-06-18 22:48:58.680483,Tenjo,Cafe_Empacado,596,296,1.4,0.0,4.5,No
TRX-1318,2026-06-19 22:48:58.680483,Soacha,Cafe_Empacado,234,288,4.2,0.0,2.6,Si
TRX-1116,2026-06-19 22:48:58.680483,Soacha,Cafe_Empacado,501,217,0.7,0.0,5.0,No
TRX-1174,2026-06-19 22:48:58.680483,Soacha,Cafe_Empacado,857,851,1.2,0.0,4.1,No
TRX-1055,2026-06-19 22:48:58.680483,Soacha,Cafe_Empacado,623,400,1.4,0.0,4.5,No
TRX-1202,2026-06-19 22:48:58.680483,Soacha,Cafe_Empacado,576,265,2.1,0.0,4.2,No
TRX-1972,2026-06-19 22:48:58.680483,Tenjo,Cafe_Empacado,603,483,1.1,0.0,5.0,No
TRX-1643,2026-06-20 22:48:58.680483,Tenjo,Cafe_Empacado,630,394,2.3,0.0,4.4,No
TRX-1737,2026-06-20 22:48:58.680483,Tenjo,Cafe_Empacado,897,615,1.1,0.0,4.8,No
TRX-1942,2026-06-20 22:48:58.680483,Tenjo,Insumos_Pasteleria,370,341,1.4,0.0,4.4,No
TRX-1622,2026-06-20 22:48:58.680483,Tenjo,Cafe_Empacado,397,319,1.0,0.0,4.8,No
TRX-1370,2026-06-20 22:48:58.680483,Soacha,Cafe_Empacado,413,513,5.3,0.0,2.2,Si
TRX-1645,2026-06-20 22:48:58.680483,Tenjo,Lacteos_Frio,805,637,0.9,0.0,4.9,No
TRX-1590,2026-06-21 22:48:58.680483,Tenjo,Cafe_Empacado,274,74,0.8,0.0,4.9,No
TRX-1342,2026-06-21 22:48:58.680483,Tenjo,Lacteos_Frio,542,242,0.7,0.0,4.2,No
TRX-1120,2026-06-22 22:48:58.680483,Tenjo,Cafe_Empacado,603,654,5.3,0.0,1.2,Si
TRX-1032,2026-06-22 22:48:58.680483,Tenjo,Lacteos_Frio,978,788,2.2,0.0,4.8,No
TRX-1346,2026-06-22 22:48:58.680483,Tenjo,Lacteos_Frio,308,263,1.9,0.0,4.5,No
TRX-1057,2026-06-22 22:48:58.680483,Soacha,Cafe_Empacado,637,425,1.4,0.0,4.6,No
TRX-1295,2026-06-23 22:48:58.680483,Soacha,Cafe_Empacado,543,325,1.6,0.0,4.5,No
TRX-1357,2026-06-23 22:48:58.680483,Soacha,Cafe_Empacado,584,465,1.0,0.0,4.6,No
TRX-1459,2026-06-23 22:48:58.680483,Soacha,Insumos_Pasteleria,393,436,3.0,0.0,1.3,Si
TRX-1552,2026-06-24 22:48:58.680483,Soacha,Cafe_Empacado,986,1112,4.4,0.0,2.2,Si
TRX-1831,2026-06-24 22:48:58.680483,Tenjo,Cafe_Empacado,415,226,1.8,0.0,4.9,No
TRX-1706,2026-06-24 22:48:58.680483,Soacha,Lacteos_Frio,785,488,0.5,0.0,4.5,No
TRX-1714,2026-06-24 22:48:58.680483,Soacha,Lacteos_Frio,337,346,5.2,11.0,3.1,Si
TRX-1530,2026-06-24 22:48:58.680483,Tenjo,Cafe_Empacado,383,224,0.7,0.0,4.1,No
TRX-1812,2026-06-25 22:48:58.680483,Tenjo,Insumos_Pasteleria,640,572,1.9,0.0,4.1,No
TRX-1680,2026-06-25 22:48:58.680483,Soacha,Insumos_Pasteleria,927,498,0.5,0.0,4.5,No
TRX-1236,2026-06-25 22:48:58.680483,Tenjo,Lacteos_Frio,857,637,1.7,0.0,4.4,No
TRX-1486,2026-06-25 22:48:58.680483,Soacha,Cafe_Empacado,943,869,2.3,0.0,5.0,No
TRX-1967,2026-06-25 22:48:58.680483,Soacha,Cafe_Empacado,871,605,0.9,0.0,4.3,No
TRX-1595,2026-06-25 22:48:58.680483,Tenjo,Lacteos_Frio,440,515,5.2,20.7,1.5,Si
TRX-1993,2026-06-25 22:48:58.680483,Tenjo,Lacteos_Frio,603,489,2.1,0.0,4.8,No
TRX-1764,2026-06-26 22:48:58.680483,Tenjo,Cafe_Empacado,846,750,1.4,0.0,4.7,No
TRX-1936,2026-06-26 22:48:58.680483,Tenjo,Lacteos_Frio,273,219,0.7,0.0,4.1,No
TRX-1132,2026-06-26 22:48:58.680483,Soacha,Cafe_Empacado,748,688,2.0,0.0,5.0,No
TRX-1941,2026-06-26 22:48:58.680483,Soacha,Lacteos_Frio,454,185,0.9,0.0,4.7,No
TRX-1452,2026-06-26 22:48:58.680483,Soacha,Cafe_Empacado,925,1026,4.8,0.0,2.9,Si
TRX-1774,2026-06-26 22:48:58.680483,Soacha,Cafe_Empacado,703,426,2.3,0.0,4.1,No
TRX-1491,2026-06-26 22:48:58.680483,Soacha,Cafe_Empacado,326,267,1.9,0.0,4.7,No
TRX-1569,2026-06-27 22:48:58.680483,Tenjo,Cafe_Empacado,359,207,0.9,0.0,4.5,No
TRX-1180,2026-06-27 22:48:58.680483,Tenjo,Cafe_Empacado,684,797,3.3,0.0,2.2,Si
TRX-1902,2026-06-27 22:48:58.680483,Tenjo,Cafe_Empacado,510,306,0.6,0.0,4.1,No
TRX-1852,2026-06-27 22:48:58.680483,Tenjo,Lacteos_Frio,935,727,0.7,0.0,4.8,No
TRX-1470,2026-06-27 22:48:58.680483,Tenjo,Insumos_Pasteleria,569,609,4.6,0.0,1.8,Si
TRX-1001,2026-06-27 22:48:58.680483,Soacha,Lacteos_Frio,664,435,2.5,0.0,5.0,No
TRX-1392,2026-06-27 22:48:58.680483,Tenjo,Cafe_Empacado,957,1012,3.2,0.0,3.1,Si
